date,num_ech,num_ech_dnssec,pct_ech_dnssec,num_ech_cf_only,num_ech_non_cloudflare,num_ech_ns_mixed,num_ech_ns_unknown,ech_ns_all_cloudflare,ech_ns_non_cf_providers,num_httpsrr
2024-04-01,1,1,100.0,1,0,0,0,True,none,265864
2024-04-02,1,1,100.0,1,0,0,0,True,none,266670
2024-04-03,1,1,100.0,1,0,0,0,True,none,266755
2024-04-04,1,1,100.0,1,0,0,0,True,none,268518
2024-04-05,1,1,100.0,1,0,0,0,True,none,270300
2024-04-06,1,1,100.0,1,0,0,0,True,none,269827
2024-04-07,1,1,100.0,1,0,0,0,True,none,274653
2024-04-08,1,1,100.0,1,0,0,0,True,none,272981
2024-04-09,1,1,100.0,1,0,0,0,True,none,271921
2024-04-10,1,1,100.0,1,0,0,0,True,none,272913
2024-04-11,1,1,100.0,1,0,0,0,True,none,270736
2024-04-12,1,1,100.0,1,0,0,0,True,none,269459
2024-04-13,1,1,100.0,1,0,0,0,True,none,265673
2024-04-14,1,1,100.0,1,0,0,0,True,none,266018
2024-04-15,1,1,100.0,1,0,0,0,True,none,266289
2024-04-16,1,1,100.0,1,0,0,0,True,none,266289
2024-04-17,1,1,100.0,1,0,0,0,True,none,266289
2024-04-18,1,1,100.0,1,0,0,0,True,none,266289
2024-04-19,1,1,100.0,1,0,0,0,True,none,266289
2024-04-20,1,1,100.0,1,0,0,0,True,none,266289
2024-04-21,1,1,100.0,1,0,0,0,True,none,266289
2024-04-22,1,1,100.0,1,0,0,0,True,none,265175
2024-04-23,1,1,100.0,1,0,0,0,True,none,265543
2024-04-24,1,1,100.0,1,0,0,0,True,none,264937
2024-04-25,1,1,100.0,1,0,0,0,True,none,264780
2024-04-26,1,1,100.0,1,0,0,0,True,none,265081
2024-04-27,1,1,100.0,1,0,0,0,True,none,265386
2024-04-28,1,1,100.0,1,0,0,0,True,none,265406
2024-04-29,1,1,100.0,1,0,0,0,True,none,265321
2024-04-30,1,1,100.0,1,0,0,0,True,none,264954
2024-05-01,1,1,100.0,1,0,0,0,True,none,264909
2024-05-02,1,1,100.0,1,0,0,0,True,none,264226
2024-05-03,1,1,100.0,1,0,0,0,True,none,262300
2024-05-04,1,1,100.0,1,0,0,0,True,none,264081
2024-05-05,1,1,100.0,1,0,0,0,True,none,269006
2024-05-06,1,1,100.0,1,0,0,0,True,none,268068
2024-05-07,1,1,100.0,1,0,0,0,True,none,267560
2024-05-08,1,1,100.0,1,0,0,0,True,none,267003
2024-05-09,1,1,100.0,1,0,0,0,True,none,266271
2024-05-10,1,1,100.0,1,0,0,0,True,none,265733
2024-05-11,1,1,100.0,1,0,0,0,True,none,265503
2024-05-12,1,1,100.0,1,0,0,0,True,none,265492
2024-05-13,1,1,100.0,1,0,0,0,True,none,265437
2024-05-14,1,1,100.0,1,0,0,0,True,none,264591
2024-05-15,1,1,100.0,1,0,0,0,True,none,264473
2024-05-16,1,1,100.0,1,0,0,0,True,none,264432
2024-05-17,1,1,100.0,1,0,0,0,True,none,264228
2024-05-18,1,1,100.0,1,0,0,0,True,none,260167
2024-05-19,1,1,100.0,1,0,0,0,True,none,257631
2024-05-20,1,1,100.0,1,0,0,0,True,none,257615
2024-05-21,1,1,100.0,1,0,0,0,True,none,257455
2024-05-22,1,1,100.0,1,0,0,0,True,none,256020
2024-05-23,1,1,100.0,1,0,0,0,True,none,254600
2024-05-24,1,1,100.0,1,0,0,0,True,none,255574
2024-05-25,1,1,100.0,1,0,0,0,True,none,255496
2024-05-26,1,1,100.0,1,0,0,0,True,none,255007
2024-05-27,1,1,100.0,1,0,0,0,True,none,254776
2024-05-28,1,1,100.0,1,0,0,0,True,none,254756
2024-05-29,1,1,100.0,1,0,0,0,True,none,254662
2024-05-30,1,1,100.0,1,0,0,0,True,none,254691
2024-05-31,1,1,100.0,1,0,0,0,True,none,254598
2024-06-01,1,1,100.0,1,0,0,0,True,none,254242
2024-06-02,1,1,100.0,1,0,0,0,True,none,253909
2024-06-03,1,1,100.0,1,0,0,0,True,none,253759
2024-06-04,1,1,100.0,1,0,0,0,True,none,253966
2024-06-05,1,1,100.0,1,0,0,0,True,none,253989
2024-06-06,1,1,100.0,1,0,0,0,True,none,253443
2024-06-07,1,1,100.0,1,0,0,0,True,none,252097
2024-06-08,1,1,100.0,1,0,0,0,True,none,252246
2024-06-09,1,1,100.0,1,0,0,0,True,none,255183
2024-06-10,1,1,100.0,1,0,0,0,True,none,255355
2024-06-11,1,1,100.0,1,0,0,0,True,none,254598
2024-06-12,1,1,100.0,1,0,0,0,True,none,254300
2024-06-13,1,1,100.0,1,0,0,0,True,none,254125
2024-06-14,1,1,100.0,1,0,0,0,True,none,254060
2024-06-15,1,1,100.0,1,0,0,0,True,none,253905
2024-06-16,1,1,100.0,1,0,0,0,True,none,248288
2024-06-17,1,1,100.0,1,0,0,0,True,none,248526
2024-06-18,1,1,100.0,1,0,0,0,True,none,247765
2024-06-19,1,1,100.0,1,0,0,0,True,none,247061
2024-06-20,1,1,100.0,1,0,0,0,True,none,246210
2024-06-21,1,1,100.0,1,0,0,0,True,none,245516
2024-06-22,1,1,100.0,1,0,0,0,True,none,245340
2024-06-23,1,1,100.0,1,0,0,0,True,none,245138
2024-06-24,1,1,100.0,1,0,0,0,True,none,244942
2024-06-25,1,1,100.0,1,0,0,0,True,none,245032
2024-06-26,1,1,100.0,1,0,0,0,True,none,244987
2024-06-27,1,1,100.0,1,0,0,0,True,none,245007
2024-06-28,1,1,100.0,1,0,0,0,True,none,245075
2024-06-29,1,1,100.0,1,0,0,0,True,none,245091
2024-06-30,1,1,100.0,1,0,0,0,True,none,245337
2024-07-01,1,1,100.0,1,0,0,0,True,none,245360
2024-07-02,1,1,100.0,1,0,0,0,True,none,244784
2024-07-03,1,1,100.0,1,0,0,0,True,none,244433
2024-07-04,1,1,100.0,1,0,0,0,True,none,244039
2024-07-05,1,1,100.0,1,0,0,0,True,none,243467
2024-07-06,1,1,100.0,1,0,0,0,True,none,246506
2024-07-07,1,1,100.0,1,0,0,0,True,none,249524
2024-07-08,1,1,100.0,1,0,0,0,True,none,248910
2024-07-09,1,1,100.0,1,0,0,0,True,none,248218
2024-07-10,1,1,100.0,1,0,0,0,True,none,248250
2024-07-11,1,1,100.0,1,0,0,0,True,none,248509
2024-07-12,1,1,100.0,1,0,0,0,True,none,248638
2024-07-13,1,1,100.0,1,0,0,0,True,none,248536
2024-07-14,1,1,100.0,1,0,0,0,True,none,247540
2024-07-15,1,1,100.0,1,0,0,0,True,none,241971
2024-07-16,1,1,100.0,1,0,0,0,True,none,241935
2024-07-17,1,1,100.0,1,0,0,0,True,none,241741
2024-07-18,1,1,100.0,1,0,0,0,True,none,241416
2024-07-19,1,1,100.0,1,0,0,0,True,none,241126
2024-07-20,1,1,100.0,1,0,0,0,True,none,240392
2024-07-21,1,1,100.0,1,0,0,0,True,none,240380
2024-07-22,1,1,100.0,1,0,0,0,True,none,240379
2024-07-23,1,1,100.0,1,0,0,0,True,none,240695
2024-07-24,1,1,100.0,1,0,0,0,True,none,240662
2024-07-25,1,1,100.0,1,0,0,0,True,none,240563
2024-07-26,1,1,100.0,1,0,0,0,True,none,240147
2024-07-27,1,1,100.0,1,0,0,0,True,none,239462
2024-07-28,1,1,100.0,1,0,0,0,True,none,240157
2024-07-29,1,1,100.0,1,0,0,0,True,none,240687
2024-07-30,1,1,100.0,1,0,0,0,True,none,240748
2024-07-31,1,1,100.0,1,0,0,0,True,none,240734
2024-08-01,1,1,100.0,1,0,0,0,True,none,241728
2024-08-02,1,1,100.0,1,0,0,0,True,none,240920
2024-08-03,1,1,100.0,1,0,0,0,True,none,247084
2024-08-04,1,1,100.0,1,0,0,0,True,none,247220
2024-08-05,1,1,100.0,1,0,0,0,True,none,247306
2024-08-06,1,1,100.0,1,0,0,0,True,none,246981
2024-08-07,1,1,100.0,1,0,0,0,True,none,246762
2024-08-08,1,1,100.0,1,0,0,0,True,none,246087
2024-08-09,2,1,50.0,2,0,0,0,True,none,245800
2024-08-10,2,1,50.0,2,0,0,0,True,none,245787
2024-08-11,2,1,50.0,2,0,0,0,True,none,245970
2024-08-12,2,1,50.0,2,0,0,0,True,none,246226
2024-08-13,2,1,50.0,2,0,0,0,True,none,246208
2024-08-14,2,1,50.0,2,0,0,0,True,none,246189
2024-08-15,18699,852,4.556393390020856,18678,21,0,0,False,co.id;domainactive.org;ecidns.net;porkbun.com;salla.cloud;yandexcloud.net,245810
2024-08-16,9291,418,4.4989775051124745,9280,11,0,0,False,domainactive.org;porkbun.com;salla.cloud,245594
2024-08-17,18666,855,4.580520732883317,18645,21,0,0,False,co.id;domainactive.org;ecidns.net;porkbun.com;salla.cloud;yandexcloud.net,245610
2024-08-18,18764,859,4.5779151566830105,18742,22,0,0,False,co.id;domainactive.org;domaincontrol.com;ecidns.net;porkbun.com;salla.cloud;yandexcloud.net,246617
2024-08-19,18488,870,4.7057550843790565,18467,21,0,0,False,co.id;domainactive.org;ecidns.net;porkbun.com;salla.cloud;yandexcloud.net,243504
2024-08-20,1773,81,4.568527918781726,1770,3,0,0,False,domainactive.org,240944
2024-08-21,1781,80,4.491858506457047,1778,3,0,0,False,domainactive.org,241350
2024-08-22,18245,872,4.77939161414086,18225,20,0,0,False,co.id;domainactive.org;ecidns.net;porkbun.com;salla.cloud,241346
2024-08-23,18274,873,4.777279194483966,18253,21,0,0,False,co.id;domainactive.org;ecidns.net;porkbun.com;salla.cloud;yandexcloud.net,241482
2024-08-24,18265,868,4.752258417738845,18244,21,0,0,False,co.id;domainactive.org;ecidns.net;porkbun.com;salla.cloud;yandexcloud.net,241516
2024-08-25,18229,864,4.739700477261506,18208,21,0,0,False,co.id;domainactive.org;ecidns.net;porkbun.com;salla.cloud;yandexcloud.net,241134
2024-08-26,18267,864,4.729840696337658,18246,21,0,0,False,co.id;domainactive.org;ecidns.net;porkbun.com;salla.cloud;yandexcloud.net,241841
2024-08-27,18303,864,4.720537616784134,18282,21,0,0,False,co.id;domainactive.org;ecidns.net;porkbun.com;salla.cloud;yandexcloud.net,242398
2024-08-28,45724,2190,4.7896072084682,45680,44,0,0,False,bitcoinmagazine.com;chabadonline.com;co.id;domainactive.org;ecidns.net;eflorist.com;porkbun.com;salla.cloud;ubmdns.com;yandexcloud.net,242773
2024-08-29,45697,2184,4.779307175525745,45652,45,0,0,False,bitcoinmagazine.com;chabadonline.com;co.id;domainactive.org;ecidns.net;eflorist.com;net.ba;porkbun.com;salla.cloud;ubmdns.com;yandexcloud.net,242734
2024-08-30,3,1,33.33333333333333,3,0,0,0,True,none,243336
2024-08-31,3,1,33.33333333333333,3,0,0,0,True,none,243784
2024-09-01,3,1,33.33333333333333,3,0,0,0,True,none,243831
2024-09-02,3,1,33.33333333333333,3,0,0,0,True,none,244458
2024-09-03,3,1,33.33333333333333,3,0,0,0,True,none,244419
2024-09-04,45543,2188,4.804250927694706,45491,52,0,0,False,bitcoinmagazine.com;co.id;domainactive.org;salla.cloud;ubmdns.com;yandexcloud.net,241016
2024-09-05,45537,2192,4.813668006236687,45478,59,0,0,False,bitcoinmagazine.com;co.id;dns.com;domainactive.org;salla.cloud;share-dns.com;share-dns.net;ubmdns.com;yandexcloud.net,241034
2024-09-06,92694,4313,4.65294409562647,92567,127,0,0,False,bitcoinmagazine.com;co.id;dns.com;domainactive.org;emailable.com;informadns.com;julydns.com;rspnet.jp;salla.cloud;scale.bank;toshiba-europe.com;ubmdns.com;yandexcloud.net,244235
2024-09-07,94164,4284,4.549509366636931,94039,125,0,0,False,bitcoinmagazine.com;co.id;domainactive.org;emailable.com;informadns.com;rspnet.jp;salla.cloud;scale.bank;toshiba-europe.com;ubmdns.com;yandexcloud.net,247284
2024-09-08,94148,4285,4.551344691337044,94020,126,0,2,False,bitcoinmagazine.com;co.id;domainactive.org;emailable.com;informadns.com;rspnet.jp;salla.cloud;scale.bank;tmtelcomm.com;toshiba-europe.com;ubmdns.com;yandexcloud.net,247274
2024-09-09,94186,4279,4.543138045994096,94059,127,0,0,False,bitcoinmagazine.com;co.id;domainactive.org;emailable.com;informadns.com;net.ba;rspnet.jp;salla.cloud;scale.bank;tmtelcomm.com;toshiba-europe.com;ubmdns.com;yandexcloud.net,247307
2024-09-10,141228,6438,4.5585861160676355,141032,196,0,0,False,batesvilletechnology.com;bitcoinmagazine.com;brandable.uk;click.press;co.id;domainactive.org;ecidns.net;emailable.com;flwc.cc;informadns.com;kitdns.no;rspnet.jp;salla.cloud;scale.bank;ssnc.cloud;toshiba-europe.com;ubmdns.com;yandexcloud.net,246903
2024-09-11,141231,6445,4.563445702430769,141031,199,0,1,False,batesvilletechnology.com;bitcoinmagazine.com;brandable.uk;click.press;co.id;dns-parking.com;domainactive.org;ecidns.net;emailable.com;flwc.cc;informadns.com;kitdns.no;oraclecloud.net;rspnet.jp;salla.cloud;scale.bank;ssnc.cloud;toshiba-europe.com;ubmdns.com;yandexcloud.net,246894
2024-09-12,188360,8693,4.61509874708006,188089,270,0,1,False,batesvilletechnology.com;bitcoinmagazine.com;brandable.uk;click.press;co.id;domainactive.org;ecidns.net;emailable.com;flwc.cc;informadns.com;julydns.com;kitdns.no;nazwa.pl;rspnet.jp;salla.cloud;scale.bank;serverhostgroup.com;ssnc.cloud;toshiba-europe.com;ubmdns.com;viralporn.com;yandexcloud.net,247163
2024-09-13,188709,8699,4.609743043522037,188429,280,0,0,False,awsdns-19.org;awsdns-25.net;awsdns-33.com;batesvilletechnology.com;bitcoinmagazine.com;brandable.uk;click.press;co.id;co.uk;dns-parking.com;dns.com;domainactive.org;ecidns.net;emailable.com;flwc.cc;informadns.com;kitdns.no;rspnet.jp;salla.cloud;scale.bank;share-dns.com;share-dns.net;ssnc.cloud;toshiba-europe.com;ubmdns.com;viralporn.com;yandexcloud.net,247629
2024-09-14,188728,8722,4.62146581323386,188443,285,0,0,False,awsdns-05.com;awsdns-29.net;awsdns-54.org;batesvilletechnology.com;bitcoinmagazine.com;brandable.uk;click.press;co.id;co.uk;dns-parking.com;domainactive.org;ecidns.net;emailable.com;flwc.cc;informadns.com;kitdns.no;rspnet.jp;salla.cloud;scale.bank;share-dns.com;share-dns.net;ssnc.cloud;toshiba-europe.com;ubmdns.com;viralporn.com;yandexcloud.net,247687
2024-09-15,188966,8732,4.62093709979573,188693,273,0,0,False,batesvilletechnology.com;bitcoinmagazine.com;brandable.uk;click.press;co.id;ddos-guard.net;domainactive.org;ecidns.net;emailable.com;flwc.cc;hostmar.com;informadns.com;kitdns.no;rspnet.jp;salla.cloud;scale.bank;share-dns.com;share-dns.net;ssnc.cloud;toshiba-europe.com;ubmdns.com;viralporn.com;yandexcloud.net,247937
2024-09-16,185926,8793,4.729300904660994,185666,259,1,0,False,batesvilletechnology.com;bitcoinmagazine.com;brandable.uk;click.press;co.id;domainactive.org;domaincontrol.com;ecidns.net;emailable.com;flwc.cc;informadns.com;kitdns.no;rspnet.jp;salla.cloud;scale.bank;seized.gov;share-dns.com;share-dns.net;ssnc.cloud;toshiba-europe.com;ubmdns.com;ultradns.biz;ultradns.com;ultradns.net;ultradns.org;viralporn.com;yandexcloud.net,244933
2024-09-17,183898,8898,4.838551805892396,183654,244,0,0,False,batesvilletechnology.com;bitcoinmagazine.com;brandable.uk;click.press;cloudns.net;co.id;domainactive.org;ecidns.net;emailable.com;flwc.cc;informadns.com;kitdns.no;net.ba;rspnet.jp;salla.cloud;scale.bank;seized.gov;share-dns.com;share-dns.net;ssnc.cloud;toshiba-europe.com;ubmdns.com;viralporn.com;vivawebhost.com;yandexcloud.net,242881
2024-09-18,183121,8909,4.865089203313656,182867,252,1,1,False,awsdns-19.org;awsdns-25.net;awsdns-33.com;batesvilletechnology.com;bitcoinmagazine.com;brandable.uk;click.press;co.id;co.uk;dns.com;domain.tld;domainactive.org;domaincontrol.com;ecidns.net;emailable.com;flwc.cc;informadns.com;kitdns.no;salla.cloud;scale.bank;seized.gov;share-dns.com;share-dns.net;ssnc.cloud;toshiba-europe.com;ubmdns.com;ultradns.biz;ultradns.com;ultradns.net;ultradns.org;viralporn.com;yandexcloud.net,242187
2024-09-19,182946,8914,4.872476031178599,182704,242,0,0,False,batesvilletechnology.com;bitcoinmagazine.com;brandable.uk;click.press;co.id;dns-parking.com;domainactive.org;ecidns.net;emailable.com;flwc.cc;informadns.com;kitdns.no;rspnet.jp;salla.cloud;scale.bank;secured-cloud.net;seized.gov;share-dns.com;share-dns.net;ssnc.cloud;toshiba-europe.com;ubmdns.com;viralporn.com;yandexcloud.net,242020
2024-09-20,182476,8928,4.892698217847827,182245,231,0,0,False,batesvilletechnology.com;bitcoinmagazine.com;brandable.uk;click.press;co.id;domainactive.org;ecidns.net;emailable.com;flwc.cc;informadns.com;kitdns.no;mixhost.jp;rspnet.jp;salla.cloud;scale.bank;seized.gov;share-dns.com;share-dns.net;ssnc.cloud;toshiba-europe.com;ubmdns.com;viralporn.com;yandexcloud.net,241684
2024-09-21,182264,8925,4.896743185708642,182028,235,0,1,False,76898102.xyz;batesvilletechnology.com;bitcoinmagazine.com;brandable.uk;click.press;co.id;domainactive.org;ecidns.net;emailable.com;flwc.cc;informadns.com;kitdns.no;namecheaphosting.com;rspnet.jp;salla.cloud;scale.bank;seized.gov;share-dns.com;share-dns.net;ssnc.cloud;toshiba-europe.com;ubmdns.com;viralporn.com;yandexcloud.net;zaltv.com,241450
2024-09-22,182569,8911,4.880894346794911,182359,210,0,0,False,76898102.xyz;batesvilletechnology.com;bitcoinmagazine.com;brandable.uk;click.press;co.id;dns-parking.com;domainactive.org;domaincontrol.com;ecidns.net;emailable.com;flwc.cc;informadns.com;kitdns.no;rspnet.jp;salla.cloud;scale.bank;seized.gov;share-dns.com;share-dns.net;ssnc.cloud;toshiba-europe.com;ubmdns.com;viralporn.com;yandexcloud.net;zaltv.com,241738
2024-09-23,182464,8918,4.887539459838653,182250,212,0,2,False,76898102.xyz;batesvilletechnology.com;bitcoinmagazine.com;brandable.uk;click.press;co.id;dns-parking.com;dns.com;domainactive.org;ecidns.net;emailable.com;flwc.cc;informadns.com;kitdns.no;rspnet.jp;salla.cloud;scale.bank;seized.gov;share-dns.com;share-dns.net;ssnc.cloud;toshiba-europe.com;ubmdns.com;viralporn.com;yandexcloud.net;zaltv.com,241612
2024-09-24,182592,8931,4.891232912723449,182395,196,0,1,False,76898102.xyz;batesvilletechnology.com;bitcoinmagazine.com;brandable.uk;click.press;co.id;domainactive.org;ecidns.net;emailable.com;flwc.cc;informadns.com;kitdns.no;nigelwright.com;rspnet.jp;salla.cloud;scale.bank;seized.gov;ssnc.cloud;toshiba-europe.com;ubmdns.com;viralporn.com;yandexcloud.net;zaltv.com,241871
2024-09-25,182142,8950,4.913748613718966,181940,202,0,0,False,76898102.xyz;batesvilletechnology.com;bitcoinmagazine.com;brandable.uk;click.press;co.id;dns.com;domainactive.org;ecidns.net;emailable.com;flwc.cc;hemi.xyz;informadns.com;kitdns.no;nadns1.com;nadns1.fr;nigelwright.com;roxcasino.com;rspnet.jp;salla.cloud;scale.bank;seized.gov;ssnc.cloud;toshiba-europe.com;ubmdns.com;viralporn.com;yandexcloud.net;zaltv.com,241408
2024-09-26,181884,8975,4.934463724131864,181684,200,0,0,False,76898102.xyz;batesvilletechnology.com;bitcoinmagazine.com;brandable.uk;click.press;co.id;dns.com;domainactive.org;ecidns.net;emailable.com;flwc.cc;hemi.xyz;informadns.com;kitdns.no;nigelwright.com;roxcasino.com;rspnet.jp;salla.cloud;scale.bank;seized.gov;ssnc.cloud;toshiba-europe.com;ubmdns.com;viralporn.com;yandexcloud.net;zaltv.com,241174
2024-09-27,181214,8968,4.948845011974792,181011,201,0,2,False,76898102.xyz;batesvilletechnology.com;bitcoinmagazine.com;brandable.uk;click.press;co.id;dns.com;domainactive.org;ecidns.net;emailable.com;flwc.cc;hemi.xyz;informadns.com;kitdns.no;nigelwright.com;roxcasino.com;rspnet.jp;salla.cloud;scale.bank;seized.gov;ssnc.cloud;toshiba-europe.com;ubmdns.com;viralporn.com;yandexcloud.net;zaltv.com,240479
2024-09-28,180313,8972,4.975792094857276,180101,212,0,0,False,76898102.xyz;batesvilletechnology.com;bitcoinmagazine.com;brandable.uk;click.press;co.id;dns.com;domainactive.org;ecidns.net;emailable.com;flwc.cc;hemi.xyz;informadns.com;kitdns.no;nigelwright.com;racunalo.com;roxcasino.com;rspnet.jp;salla.cloud;scale.bank;seized.gov;share-dns.com;share-dns.net;ssnc.cloud;toshiba-europe.com;ubmdns.com;viralporn.com;yandexcloud.net;zaltv.com,239584
2024-09-29,180937,8989,4.968027545499262,180728,208,0,1,False,76898102.xyz;avalai.ir;batesvilletechnology.com;bitcoinmagazine.com;brandable.uk;click.press;co.id;dns-parking.com;domainactive.org;ecidns.net;emailable.com;flwc.cc;hemi.xyz;informadns.com;kitdns.no;nigelwright.com;racunalo.com;roxcasino.com;rspnet.jp;salla.cloud;scale.bank;seized.gov;ssnc.cloud;toshiba-europe.com;ubmdns.com;viralporn.com;yandexcloud.net;zaltv.com,240196
2024-09-30,181037,9022,4.983511657837901,180803,234,0,0,False,76898102.xyz;avalai.ir;batesvilletechnology.com;biiut.com;bitcoinmagazine.com;brandable.uk;click.press;co.id;dns.com;domainactive.org;ecidns.net;emailable.com;flwc.cc;gorbe.ninja;hemi.xyz;informadns.com;kitdns.no;naijamatta.com;nigelwright.com;parklogic.com;racunalo.com;roxcasino.com;rspnet.jp;salla.cloud;scale.bank;share-dns.com;share-dns.net;ssnc.cloud;toshiba-europe.com;ubmdns.com;viralporn.com;yandexcloud.net;zaltv.com,240232
2024-10-01,180649,9033,5.000304457815986,180427,222,0,0,False,76898102.xyz;avalai.ir;batesvilletechnology.com;bitcoinmagazine.com;brandable.uk;click.press;co.id;domainactive.org;ecidns.net;emailable.com;flwc.cc;gorbe.ninja;hemi.xyz;informadns.com;kitdns.no;nigelwright.com;racunalo.com;roxcasino.com;rspnet.jp;salla.cloud;scale.bank;share-dns.com;share-dns.net;ssnc.cloud;toshiba-europe.com;ubmdns.com;viralporn.com;yandexcloud.net;zaltv.com,239802
2024-10-02,180570,9040,5.006368721271529,180329,241,0,0,False,76898102.xyz;avalai.ir;batesvilletechnology.com;bitcoinmagazine.com;brandable.uk;click.press;co.id;dns.com;dnsowl.com;domainactive.org;ecidns.net;emailable.com;flwc.cc;foundationdns.com;foundationdns.net;foundationdns.org;gorbe.ninja;hemi.xyz;informadns.com;kitdns.no;nigelwright.com;racunalo.com;roxcasino.com;rspnet.jp;salla.cloud;scale.bank;share-dns.com;share-dns.net;ssnc.cloud;toshiba-europe.com;ubmdns.com;viralporn.com;yandexcloud.net;zaltv.com,239635
2024-10-03,179766,9038,5.0276470522790735,179515,251,0,0,False,76898102.xyz;avalai.ir;batesvilletechnology.com;bitcoinmagazine.com;brandable.uk;bunny.net;chaika.me;click.press;co.id;domainactive.org;dynu.com;ecidns.net;emailable.com;flwc.cc;foundationdns.com;foundationdns.net;foundationdns.org;gorbe.ninja;hemi.xyz;informadns.com;kitdns.no;nigelwright.com;racunalo.com;roxcasino.com;rspnet.jp;salla.cloud;scale.bank;share-dns.com;share-dns.net;ssnc.cloud;toshiba-europe.com;tylerobrien.dev;ubmdns.com;viralporn.com;yandexcloud.net;zaltv.com,238825
2024-10-04,181856,8970,4.932474045398557,181615,241,0,0,False,76898102.xyz;avalai.ir;batesvilletechnology.com;bitcoinmagazine.com;brandable.uk;chaika.me;click.press;co.id;domainactive.org;ecidns.net;emailable.com;flwc.cc;foundationdns.com;foundationdns.net;foundationdns.org;gorbe.ninja;hemi.xyz;informadns.com;kitdns.no;nigelwright.com;racunalo.com;roxcasino.com;rspnet.jp;salla.cloud;scale.bank;share-dns.com;share-dns.net;ssnc.cloud;toshiba-europe.com;tylerobrien.dev;ubmdns.com;viralporn.com;yandexcloud.net;zaltv.com,241045
2024-10-05,183692,8944,4.869019881105328,183437,255,0,0,False,76898102.xyz;avalai.ir;batesvilletechnology.com;bitcoinmagazine.com;brandable.uk;chaika.me;click.press;co.id;domainactive.org;domaincontrol.com;dyn.com;ecidns.net;emailable.com;flwc.cc;foundationdns.com;foundationdns.net;foundationdns.org;gorbe.ninja;hemi.xyz;informadns.com;kitdns.no;nigelwright.com;racunalo.com;roxcasino.com;rspnet.jp;salla.cloud;scale.bank;share-dns.com;share-dns.net;ssnc.cloud;toshiba-europe.com;tylerobrien.dev;ubmdns.com;viralporn.com;yandexcloud.net;zaltv.com,242966
2024-10-06,183254,8946,4.88174882949349,183013,241,0,0,False,76898102.xyz;avalai.ir;batesvilletechnology.com;bitcoinmagazine.com;brandable.uk;chaika.me;click.press;co.id;domainactive.org;ecidns.net;emailable.com;flwc.cc;foundationdns.com;foundationdns.net;foundationdns.org;gorbe.ninja;hemi.xyz;informadns.com;kitdns.no;nigelwright.com;racunalo.com;roxcasino.com;rspnet.jp;salla.cloud;scale.bank;share-dns.com;share-dns.net;ssnc.cloud;toshiba-europe.com;tylerobrien.dev;ubmdns.com;viralporn.com;yandexcloud.net;zaltv.com,242516
2024-10-07,182970,8964,4.899163797343827,182726,244,0,0,False,76898102.xyz;avalai.ir;batesvilletechnology.com;bitcoinmagazine.com;brandable.uk;chaika.me;click.press;co.id;domainactive.org;ecidns.net;emailable.com;flwc.cc;gorbe.ninja;hemi.xyz;informadns.com;kitdns.no;racunalo.com;roxcasino.com;rspnet.jp;salla.cloud;scale.bank;share-dns.com;share-dns.net;ssnc.cloud;toshiba-europe.com;tylerobrien.dev;ubmdns.com;viralporn.com;yandexcloud.net;zaltv.com,242226
2024-10-08,182458,8967,4.9145556785671225,182222,236,0,0,False,76898102.xyz;avalai.ir;batesvilletechnology.com;bitcoinmagazine.com;brandable.uk;chaika.me;click.press;co.id;domainactive.org;ecidns.net;emailable.com;flwc.cc;gorbe.ninja;hemi.xyz;informadns.com;kitdns.no;racunalo.com;roxcasino.com;rspnet.jp;salla.cloud;scale.bank;ssnc.cloud;toshiba-europe.com;tylerobrien.dev;ubmdns.com;viralporn.com;yandexcloud.net;zaltv.com,241738
2024-10-09,182062,8990,4.937878305192736,181824,237,0,1,False,22.cn;76898102.xyz;avalai.ir;batesvilletechnology.com;bitcoinmagazine.com;brandable.uk;chaika.me;click.press;co.id;domainactive.org;ecidns.net;emailable.com;flwc.cc;gorbe.ninja;hemi.xyz;informadns.com;kitdns.no;racunalo.com;roxcasino.com;rspnet.jp;salla.cloud;scale.bank;ssnc.cloud;toshiba-europe.com;tylerobrien.dev;ubmdns.com;viralporn.com;yandexcloud.net;zaltv.com,241346
2024-10-10,182393,8977,4.921789761668485,182154,239,0,0,False,76898102.xyz;avalai.ir;batesvilletechnology.com;bitcoinmagazine.com;brandable.uk;chaika.me;click.press;co.id;digicertdns.com;digicertdns.net;domainactive.org;ecidns.net;emailable.com;flwc.cc;foundationdns.com;foundationdns.net;foundationdns.org;gorbe.ninja;hemi.xyz;informadns.com;kitdns.no;racunalo.com;roxcasino.com;rspnet.jp;salla.cloud;scale.bank;seized.gov;ssnc.cloud;toshiba-europe.com;tylerobrien.dev;ubmdns.com;viralporn.com;yandexcloud.net;zaltv.com,241870
2024-10-11,182183,8990,4.934598727652964,181942,241,0,0,False,76898102.xyz;avalai.ir;batesvilletechnology.com;bitcoinmagazine.com;brandable.uk;chaika.me;click.press;co.id;domainactive.org;ecidns.net;emailable.com;flwc.cc;foundationdns.com;foundationdns.net;foundationdns.org;gorbe.ninja;hemi.xyz;hichina.com;informadns.com;kitdns.no;racunalo.com;roxcasino.com;rspnet.jp;salla.cloud;scale.bank;seized.gov;ssnc.cloud;toshiba-europe.com;tylerobrien.dev;ubmdns.com;viralporn.com;yandexcloud.net;zaltv.com,241805
2024-10-12,182095,9003,4.944122573382026,181849,243,1,2,False,76898102.xyz;avalai.ir;batesvilletechnology.com;bitcoinmagazine.com;brandable.uk;chaika.me;click.press;co.id;domainactive.org;dynu.com;ecidns.net;emailable.com;flwc.cc;foundationdns.com;foundationdns.net;foundationdns.org;gorbe.ninja;hemi.xyz;informadns.com;kitdns.no;name.com;racunalo.com;roxcasino.com;rspnet.jp;salla.cloud;scale.bank;seized.gov;ssnc.cloud;toshiba-europe.com;tylerobrien.dev;ubmdns.com;viralporn.com;yandexcloud.net;zaltv.com,241754
2024-10-13,182024,9003,4.946051070188546,181781,242,0,1,False,76898102.xyz;avalai.ir;batesvilletechnology.com;bitcoinmagazine.com;brandable.uk;chaika.me;click.press;co.id;domainactive.org;ecidns.net;emailable.com;flwc.cc;foundationdns.com;foundationdns.net;foundationdns.org;gorbe.ninja;hemi.xyz;informadns.com;kitdns.no;racunalo.com;roxcasino.com;rspnet.jp;salla.cloud;scale.bank;seized.gov;ssnc.cloud;toshiba-europe.com;tylerobrien.dev;ubmdns.com;viralporn.com;yandexcloud.net;zaltv.com,241684
2024-10-14,180002,9040,5.022166420373107,179759,242,0,1,False,76898102.xyz;avalai.ir;batesvilletechnology.com;bitcoinmagazine.com;brandable.uk;chaika.me;click.press;co.id;domainactive.org;ecidns.net;emailable.com;flwc.cc;foundationdns.com;foundationdns.net;foundationdns.org;gorbe.ninja;hemi.xyz;informadns.com;kitdns.no;racunalo.com;roxcasino.com;rspnet.jp;salla.cloud;scale.bank;seized.gov;ssnc.cloud;toshiba-europe.com;tylerobrien.dev;ubmdns.com;viralporn.com;yandexcloud.net;zaltv.com,239687
2024-10-15,175757,9117,5.187275613489079,175524,232,1,0,False,76898102.xyz;avalai.ir;batesvilletechnology.com;bitcoinmagazine.com;brandable.uk;chaika.me;click.press;co.id;domainactive.org;dpaste.org;ecidns.net;emailable.com;flwc.cc;foundationdns.com;foundationdns.net;foundationdns.org;hemi.xyz;informadns.com;kitdns.no;name.com;racunalo.com;roxcasino.com;rspnet.jp;salla.cloud;scale.bank;seized.gov;ssnc.cloud;toshiba-europe.com;tylerobrien.dev;ubmdns.com;viralporn.com;yandexcloud.net;zaltv.com,235313
2024-10-16,175472,9124,5.199689979027993,175238,233,0,1,False,76898102.xyz;avalai.ir;batesvilletechnology.com;bitcoinmagazine.com;brandable.uk;chaika.me;click.press;co.id;domainactive.org;dpaste.org;ecidns.net;emailable.com;flwc.cc;foundationdns.com;foundationdns.net;foundationdns.org;hemi.xyz;informadns.com;kitdns.no;racunalo.com;roxcasino.com;rspnet.jp;salla.cloud;scale.bank;seized.gov;ssnc.cloud;toshiba-europe.com;tylerobrien.dev;ubmdns.com;viralporn.com;yandexcloud.net;zaltv.com,235049
2024-10-17,174879,9127,5.219037162838306,174645,233,0,1,False,76898102.xyz;avalai.ir;batesvilletechnology.com;bitcoinmagazine.com;brandable.uk;chaika.me;click.press;co.id;domainactive.org;dpaste.org;ecidns.net;emailable.com;flwc.cc;foundationdns.com;foundationdns.net;foundationdns.org;hemi.xyz;informadns.com;kitdns.no;racunalo.com;roxcasino.com;rspnet.jp;salla.cloud;scale.bank;seized.gov;ssnc.cloud;toshiba-europe.com;tylerobrien.dev;ubmdns.com;viralporn.com;yandexcloud.net;zaltv.com,234501
2024-10-18,174911,9133,5.221512655007404,174677,234,0,0,False,76898102.xyz;avalai.ir;batesvilletechnology.com;bitcoinmagazine.com;brandable.uk;chaika.me;click.press;co.id;domainactive.org;dpaste.org;ecidns.net;emailable.com;flwc.cc;foundationdns.com;foundationdns.net;foundationdns.org;hemi.xyz;informadns.com;kitdns.no;racunalo.com;roxcasino.com;rspnet.jp;salla.cloud;scale.bank;seized.gov;ssnc.cloud;toshiba-europe.com;tylerobrien.dev;ubmdns.com;viralporn.com;yandexcloud.net;zaltv.com,234621
2024-10-19,174739,9133,5.2266523214622955,174502,235,0,2,False,76898102.xyz;avalai.ir;batesvilletechnology.com;bitcoinmagazine.com;brandable.uk;chaika.me;click.press;cloudns.com;cloudns.net;clun.top;co.id;domainactive.org;dpaste.org;ecidns.net;emailable.com;flwc.cc;foundationdns.com;foundationdns.net;foundationdns.org;hemi.xyz;informadns.com;kitdns.no;racunalo.com;roxcasino.com;rspnet.jp;salla.cloud;scale.bank;seized.gov;ssnc.cloud;toshiba-europe.com;tylerobrien.dev;ubmdns.com;viralporn.com;yandexcloud.net;zaltv.com,234454
2024-10-20,174152,9132,5.243695162846249,173924,228,0,0,False,76898102.xyz;avalai.ir;batesvilletechnology.com;bitcoinmagazine.com;brandable.uk;chaika.me;click.press;clun.top;co.id;dnspod.net;domainactive.org;dpaste.org;ecidns.net;emailable.com;flwc.cc;foundationdns.com;foundationdns.net;foundationdns.org;hemi.xyz;informadns.com;kitdns.no;namefind.com;racunalo.com;roxcasino.com;rspnet.jp;salla.cloud;scale.bank;seized.gov;ssnc.cloud;toshiba-europe.com;tylerobrien.dev;ubmdns.com;viralporn.com;yandexcloud.net;zaltv.com,233965
2024-10-21,174651,9159,5.24417266434203,174425,225,0,1,False,76898102.xyz;avalai.ir;batesvilletechnology.com;bitcoinmagazine.com;brandable.uk;chaika.me;click.press;clun.top;co.id;domainactive.org;dpaste.org;ecidns.net;emailable.com;flwc.cc;foundationdns.com;foundationdns.net;foundationdns.org;hemi.xyz;informadns.com;kitdns.no;racunalo.com;roxcasino.com;rspnet.jp;salla.cloud;scale.bank;seized.gov;ssnc.cloud;toshiba-europe.com;tylerobrien.dev;ubmdns.com;viralporn.com;yandexcloud.net;zaltv.com,234441
2024-10-22,174946,9169,5.241045808420884,174719,226,0,1,False,76898102.xyz;avalai.ir;batesvilletechnology.com;bitcoinmagazine.com;brandable.uk;chaika.me;click.press;clun.top;co.id;domainactive.org;dpaste.org;e-commercepark.com;ecidns.net;emailable.com;flwc.cc;foundationdns.com;foundationdns.net;foundationdns.org;hemi.xyz;informadns.com;kitdns.no;racunalo.com;roxcasino.com;rspnet.jp;salla.cloud;scale.bank;seized.gov;ssnc.cloud;toshiba-europe.com;tylerobrien.dev;ubmdns.com;viralporn.com;yandexcloud.net;zaltv.com,234701
2024-10-23,175276,9174,5.23403089983797,175047,229,0,0,False,76898102.xyz;avalai.ir;batesvilletechnology.com;bitcoinmagazine.com;brandable.uk;chaika.me;click.press;clun.top;co.id;domainactive.org;dpaste.org;e-commercepark.com;ecidns.net;emailable.com;flwc.cc;foundationdns.com;foundationdns.net;foundationdns.org;hemi.xyz;informadns.com;kitdns.no;racunalo.com;roxcasino.com;rspnet.jp;salla.cloud;scale.bank;seized.gov;ssnc.cloud;toshiba-europe.com;tylerobrien.dev;ubmdns.com;viralporn.com;yandexcloud.net;zaltv.com,235060
2024-10-24,174587,9176,5.255832335740919,174361,226,0,0,False,76898102.xyz;avalai.ir;batesvilletechnology.com;bitcoinmagazine.com;brandable.uk;chaika.me;click.press;co.id;domainactive.org;dpaste.org;ecidns.net;emailable.com;flwc.cc;foundationdns.com;foundationdns.net;foundationdns.org;hemi.xyz;informadns.com;kitdns.no;racunalo.com;roxcasino.com;rspnet.jp;salla.cloud;scale.bank;seized.gov;ssnc.cloud;toshiba-europe.com;tylerobrien.dev;ubmdns.com;viralporn.com;yandexcloud.net;zaltv.com,234362
2024-10-25,174320,9187,5.270192748967417,174092,227,0,1,False,76898102.xyz;avalai.ir;batesvilletechnology.com;bitcoinmagazine.com;brandable.uk;chaika.me;click.press;co.id;domainactive.org;dpaste.org;ecidns.net;emailable.com;flwc.cc;foundationdns.com;foundationdns.net;foundationdns.org;hemi.xyz;informadns.com;kitdns.no;racunalo.com;roxcasino.com;rspnet.jp;salla.cloud;scale.bank;seized.gov;ssnc.cloud;toshiba-europe.com;tylerobrien.dev;ubmdns.com;viralporn.com;yandexcloud.net;zaltv.com,234155
2024-10-26,174057,9151,5.25747312661944,173813,244,0,0,False,76898102.xyz;avalai.ir;batesvilletechnology.com;bitcoinmagazine.com;brandable.uk;chaika.me;click.press;co.id;domainactive.org;dpaste.org;ecidns.net;emailable.com;flwc.cc;foundationdns.com;foundationdns.net;foundationdns.org;hemi.xyz;informadns.com;kitdns.no;racunalo.com;roxcasino.com;rspnet.jp;salla.cloud;scale.bank;seized.gov;ssnc.cloud;toshiba-europe.com;tylerobrien.dev;ubmdns.com;viralporn.com;yandexcloud.net;zaltv.com,233931
2024-10-27,174391,9163,5.254284911491992,174111,280,0,0,False,76898102.xyz;avalai.ir;batesvilletechnology.com;bitcoinmagazine.com;brandable.uk;chaika.me;click.press;co.id;domainactive.org;dpaste.org;ecidns.net;emailable.com;flwc.cc;foundationdns.com;foundationdns.net;foundationdns.org;hemi.xyz;informadns.com;kitdns.no;racunalo.com;roxcasino.com;rspnet.jp;salla.cloud;scale.bank;seized.gov;ssnc.cloud;toshiba-europe.com;tylerobrien.dev;ubmdns.com;viralporn.com;yandexcloud.net;zaltv.com,234175
2024-10-28,174029,9176,5.272684437651196,173748,281,0,0,False,76898102.xyz;avalai.ir;batesvilletechnology.com;bitcoinmagazine.com;brandable.uk;chaika.me;click.press;co.id;domainactive.org;dpaste.org;ecidns.net;emailable.com;flwc.cc;foundationdns.com;foundationdns.net;foundationdns.org;hemi.xyz;informadns.com;kitdns.no;racunalo.com;roxcasino.com;rspnet.jp;salla.cloud;scale.bank;seized.gov;ssnc.cloud;toshiba-europe.com;tylerobrien.dev;ubmdns.com;viralporn.com;yandexcloud.net;zaltv.com,233771
2024-10-29,173914,9189,5.283645939947331,173632,282,0,0,False,76898102.xyz;avalai.ir;batesvilletechnology.com;bitcoinmagazine.com;brandable.uk;chaika.me;click.press;co.id;domainactive.org;dpaste.org;ecidns.net;emailable.com;flwc.cc;foundationdns.com;foundationdns.net;foundationdns.org;hemi.xyz;informadns.com;kitdns.no;racunalo.com;roxcasino.com;rspnet.jp;salla.cloud;scale.bank;seized.gov;ssnc.cloud;toshiba-europe.com;tylerobrien.dev;ubmdns.com;viralporn.com;yandexcloud.net;zaltv.com,233634
2024-10-30,175593,9176,5.225720843086,175304,289,0,0,False,76898102.xyz;avalai.ir;batesvilletechnology.com;bitcoinmagazine.com;brandable.uk;chaika.me;click.press;co.id;domainactive.org;dpaste.org;ecidns.net;emailable.com;fedded.org;flwc.cc;foundationdns.com;foundationdns.net;foundationdns.org;hemi.xyz;informadns.com;kitdns.no;namecheaphosting.com;psi.id;racunalo.com;roxcasino.com;rspnet.jp;salla.cloud;scale.bank;seized.gov;ssnc.cloud;toshiba-europe.com;tylerobrien.dev;ubmdns.com;viralporn.com;yandexcloud.net;zaltv.com,235265
2024-10-31,176119,9150,5.195350870718094,175829,290,0,0,False,76898102.xyz;avalai.ir;batesvilletechnology.com;bitcoinmagazine.com;brandable.uk;chaika.me;click.press;co.id;domainactive.org;dpaste.org;ecidns.net;emailable.com;fedded.org;flwc.cc;foundationdns.com;foundationdns.net;foundationdns.org;hemi.xyz;informadns.com;kitdns.no;namecheaphosting.com;net.ba;psi.id;racunalo.com;roxcasino.com;rspnet.jp;salla.cloud;scale.bank;seized.gov;ssnc.cloud;toshiba-europe.com;tylerobrien.dev;ubmdns.com;viralporn.com;yandexcloud.net;zaltv.com,235809
2024-11-01,180890,9100,5.030681629719719,180565,325,0,0,False,76898102.xyz;avalai.ir;batesvilletechnology.com;bitcoinmagazine.com;brandable.uk;chaika.me;click.press;co.id;domainactive.org;dpaste.org;ecidns.net;emailable.com;fedded.org;flwc.cc;foundationdns.com;foundationdns.net;foundationdns.org;hemi.xyz;informadns.com;kitdns.no;racunalo.com;roxcasino.com;rspnet.jp;salla.cloud;scale.bank;seized.gov;ssnc.cloud;toshiba-europe.com;tylerobrien.dev;ubmdns.com;viralporn.com;yandexcloud.net;zaltv.com,240653
2024-11-02,179866,9093,5.055430153558761,179542,323,0,1,False,76898102.xyz;avalai.ir;batesvilletechnology.com;bitcoinmagazine.com;brandable.uk;chaika.me;click.press;co.id;domainactive.org;dpaste.org;ecidns.net;emailable.com;fedded.org;flwc.cc;foundationdns.com;foundationdns.net;foundationdns.org;hemi.xyz;informadns.com;kitdns.no;racunalo.com;roxcasino.com;rspnet.jp;salla.cloud;scale.bank;seized.gov;ssnc.cloud;toshiba-europe.com;tylerobrien.dev;ubmdns.com;viralporn.com;yandexcloud.net;zaltv.com,239606
2024-11-03,179957,9128,5.0723228326766945,179634,323,0,0,False,76898102.xyz;avalai.ir;batesvilletechnology.com;bitcoinmagazine.com;brandable.uk;chaika.me;click.press;co.id;domainactive.org;dpaste.org;ecidns.net;emailable.com;fedded.org;flwc.cc;foundationdns.com;foundationdns.net;foundationdns.org;googledomains.com;hemi.xyz;informadns.com;kitdns.no;racunalo.com;roxcasino.com;rspnet.jp;salla.cloud;scale.bank;seized.gov;ssnc.cloud;toshiba-europe.com;tylerobrien.dev;ubmdns.com;viralporn.com;yandexcloud.net;zaltv.com,239652
2024-11-04,180318,9133,5.06494082676161,179991,325,0,2,False,76898102.xyz;avalai.ir;batesvilletechnology.com;bitcoinmagazine.com;brandable.uk;chaika.me;click.press;co.id;domainactive.org;dpaste.org;ecidns.net;emailable.com;fedded.org;flwc.cc;foundationdns.com;foundationdns.net;foundationdns.org;googledomains.com;hemi.xyz;informadns.com;kitdns.no;namecheaphosting.com;racunalo.com;roxcasino.com;rspnet.jp;salla.cloud;scale.bank;seized.gov;ssnc.cloud;toshiba-europe.com;tylerobrien.dev;ubmdns.com;viralporn.com;yandexcloud.net;zaltv.com,239951
2024-11-05,180252,9144,5.072897942879968,179928,323,0,1,False,76898102.xyz;avalai.ir;batesvilletechnology.com;bitcoinmagazine.com;brandable.uk;chaika.me;click.press;co.id;domainactive.org;dpaste.org;ecidns.net;emailable.com;fedded.org;flwc.cc;foundationdns.com;foundationdns.net;foundationdns.org;hemi.xyz;informadns.com;kitdns.no;namecheaphosting.com;racunalo.com;roxcasino.com;rspnet.jp;salla.cloud;scale.bank;seized.gov;ssnc.cloud;toshiba-europe.com;tylerobrien.dev;ubmdns.com;viralporn.com;yandexcloud.net;zaltv.com,239864
2024-11-06,179956,9089,5.050679054880082,179629,326,0,1,False,76898102.xyz;avalai.ir;batesvilletechnology.com;bitcoinmagazine.com;brandable.uk;chaika.me;click.press;co.id;dns-parking.com;domainactive.org;dpaste.org;ecidns.net;emailable.com;fedded.org;flwc.cc;foundationdns.com;foundationdns.net;foundationdns.org;hemi.xyz;informadns.com;kitdns.no;namecheaphosting.com;racunalo.com;roxcasino.com;rspnet.jp;salla.cloud;scale.bank;seized.gov;ssnc.cloud;toshiba-europe.com;tylerobrien.dev;ubmdns.com;viralporn.com;yandexcloud.net;zaltv.com,239965
2024-11-07,171791,8890,5.174892747582819,171456,335,0,0,False,76898102.xyz;avalai.ir;batesvilletechnology.com;bitcoinmagazine.com;brandable.uk;chaika.me;click.press;co.id;columbusunderground.com;county10.com;decaturish.com;domainactive.org;dpaste.org;ecidns.net;emailable.com;fayettevilleflyer.com;fedded.org;flwc.cc;foundationdns.com;foundationdns.net;foundationdns.org;hemi.xyz;informadns.com;kitdns.no;larchmontbuzz.com;nmindepth.com;psi.id;racunalo.com;rspnet.jp;salla.cloud;scale.bank;seized.gov;spaces.ru;ssnc.cloud;thelansingjournal.com;thisisreno.com;toshiba-europe.com;tylerobrien.dev;ubmdns.com;viralporn.com;wausaupilotandreview.com;yandexcloud.net;zaltv.com,240129
2024-11-08,171127,8821,5.154651223944789,170787,340,0,0,False,76898102.xyz;avalai.ir;batesvilletechnology.com;bitcoinmagazine.com;brandable.uk;chaika.me;click.press;co.id;columbusunderground.com;county10.com;decaturish.com;domainactive.org;dpaste.org;ecidns.net;emailable.com;fayettevilleflyer.com;fedded.org;flwc.cc;foundationdns.com;foundationdns.net;foundationdns.org;hemi.xyz;informadns.com;kitdns.no;larchmontbuzz.com;nmindepth.com;psi.id;racunalo.com;rspnet.jp;salla.cloud;scale.bank;seized.gov;spaces.ru;spcs.bio;ssnc.cloud;strip2.in;thelansingjournal.com;thisisreno.com;toshiba-europe.com;tylerobrien.dev;ubmdns.com;viralporn.com;wausaupilotandreview.com;yandexcloud.net;zaltv.com,240619
2024-11-09,170490,8797,5.159833421315033,170149,340,1,0,False,76898102.xyz;avalai.ir;batesvilletechnology.com;bitcoinmagazine.com;brandable.uk;chaika.me;click.press;co.id;columbusunderground.com;county10.com;decaturish.com;domainactive.org;dpaste.org;ecidns.net;emailable.com;fayettevilleflyer.com;fedded.org;flwc.cc;foundationdns.com;foundationdns.net;foundationdns.org;hemi.xyz;informadns.com;kitdns.no;larchmontbuzz.com;linode.com;nmindepth.com;psi.id;racunalo.com;registrar-servers.com;rspnet.jp;safenames.com;safenames.net;safenames.org;salla.cloud;scale.bank;seized.gov;spaces.ru;spcs.bio;ssnc.cloud;strip2.in;thelansingjournal.com;thisisreno.com;toshiba-europe.com;tylerobrien.dev;ubmdns.com;viralporn.com;wausaupilotandreview.com;yandexcloud.net;zaltv.com,240798
2024-11-10,170365,8782,5.154814662636105,170023,342,0,0,False,76898102.xyz;avalai.ir;batesvilletechnology.com;bitcoinmagazine.com;brandable.uk;chaika.me;click.press;co.id;columbusunderground.com;county10.com;decaturish.com;domainactive.org;dpaste.org;ecidns.net;emailable.com;fayettevilleflyer.com;fedded.org;flwc.cc;foundationdns.com;foundationdns.net;foundationdns.org;hemi.xyz;informadns.com;kitdns.no;larchmontbuzz.com;nmindepth.com;psi.id;racunalo.com;rspnet.jp;salla.cloud;scale.bank;seized.gov;spaces.ru;spcs.bio;ssnc.cloud;strip2.in;thelansingjournal.com;thisisreno.com;toshiba-europe.com;tylerobrien.dev;ubmdns.com;viralporn.com;wausaupilotandreview.com;yandexcloud.net;zaltv.com,240878
2024-11-11,171597,8779,5.116056807519945,171257,340,0,0,False,76898102.xyz;alidns.com;avalai.ir;batesvilletechnology.com;bitcoinmagazine.com;brandable.uk;chaika.me;click.press;co.id;columbusunderground.com;county10.com;decaturish.com;domainactive.org;dpaste.org;ecidns.net;emailable.com;fayettevilleflyer.com;fedded.org;flwc.cc;foundationdns.com;foundationdns.net;foundationdns.org;hemi.xyz;informadns.com;kitdns.no;larchmontbuzz.com;nmindepth.com;psi.id;racunalo.com;rspnet.jp;salla.cloud;scale.bank;seized.gov;spaces.ru;spcs.bio;ssnc.cloud;strip2.in;thelansingjournal.com;thisisreno.com;toshiba-europe.com;tylerobrien.dev;ubmdns.com;viralporn.com;wausaupilotandreview.com;yandexcloud.net;zaltv.com,242147
2024-11-12,171598,8776,5.114278721197216,171257,340,0,1,False,76898102.xyz;avalai.ir;batesvilletechnology.com;bitcoinmagazine.com;brandable.uk;chaika.me;click.press;co.id;columbusunderground.com;county10.com;decaturish.com;domainactive.org;dpaste.org;ecidns.net;emailable.com;fayettevilleflyer.com;fedded.org;flwc.cc;foundationdns.com;foundationdns.net;foundationdns.org;hemi.xyz;informadns.com;kitdns.no;larchmontbuzz.com;nmindepth.com;psi.id;racunalo.com;rspnet.jp;salla.cloud;scale.bank;seized.gov;spaces.ru;spcs.bio;ssnc.cloud;strip2.in;thelansingjournal.com;thisisreno.com;toshiba-europe.com;tylerobrien.dev;ubmdns.com;viralporn.com;wausaupilotandreview.com;yandexcloud.net;zaltv.com,242386
2024-11-13,171592,8777,5.11504032822043,171251,340,0,1,False,76898102.xyz;avalai.ir;batesvilletechnology.com;bitcoinmagazine.com;brandable.uk;chaika.me;click.press;co.id;columbusunderground.com;county10.com;decaturish.com;domainactive.org;dpaste.org;ecidns.net;emailable.com;fayettevilleflyer.com;fedded.org;flwc.cc;foundationdns.com;foundationdns.net;foundationdns.org;hemi.xyz;informadns.com;kitdns.no;larchmontbuzz.com;nmindepth.com;psi.id;racunalo.com;rspnet.jp;salla.cloud;scale.bank;seized.gov;spaces.ru;spcs.bio;ssnc.cloud;strip2.in;thelansingjournal.com;thisisreno.com;toshiba-europe.com;tylerobrien.dev;ubmdns.com;viralporn.com;wausaupilotandreview.com;yandexcloud.net;zaltv.com,242504
2024-11-14,171473,8752,5.10401054393403,171132,340,1,0,False,76898102.xyz;avalai.ir;batesvilletechnology.com;bitcoinmagazine.com;brandable.uk;chaika.me;click.press;co.id;columbusunderground.com;county10.com;decaturish.com;domainactive.org;dpaste.org;emailable.com;fayettevilleflyer.com;fedded.org;flwc.cc;foundationdns.com;foundationdns.net;foundationdns.org;hemi.xyz;informadns.com;kitdns.no;linode.com;nmindepth.com;psi.id;racunalo.com;rspnet.jp;safenames.com;safenames.net;safenames.org;salla.cloud;scale.bank;seized.gov;spaces.ru;spcs.bio;ssnc.cloud;strip2.in;thelansingjournal.com;thisisreno.com;toshiba-europe.com;tylerobrien.dev;ubmdns.com;viralporn.com;wausaupilotandreview.com;yandexcloud.net;zaltv.com,242506
2024-11-15,171624,8785,5.118747960658183,171284,340,0,0,False,76898102.xyz;avalai.ir;batesvilletechnology.com;bitcoinmagazine.com;brandable.uk;chaika.me;click.press;co.id;columbusunderground.com;county10.com;decaturish.com;domainactive.org;dpaste.org;emailable.com;fayettevilleflyer.com;fedded.org;flwc.cc;foundationdns.com;foundationdns.net;foundationdns.org;hemi.xyz;informadns.com;kitdns.no;nmindepth.com;psi.id;racunalo.com;rspnet.jp;salla.cloud;scale.bank;seized.gov;spaces.ru;spcs.bio;ssnc.cloud;strip2.club;strip2.in;thelansingjournal.com;thisisreno.com;toshiba-europe.com;tylerobrien.dev;ubmdns.com;viralporn.com;wausaupilotandreview.com;yandexcloud.net;zaltv.com,242720
2024-11-16,171871,8781,5.10906435640684,171530,341,0,0,False,76898102.xyz;avalai.ir;batesvilletechnology.com;bitcoinmagazine.com;brandable.uk;chaika.me;click.press;co.id;columbusunderground.com;county10.com;decaturish.com;domainactive.org;dpaste.org;emailable.com;fayettevilleflyer.com;fedded.org;flwc.cc;foundationdns.com;foundationdns.net;foundationdns.org;hemi.xyz;informadns.com;kinotam.org;kitdns.no;nmindepth.com;psi.id;racunalo.com;rspnet.jp;salla.cloud;scale.bank;seized.gov;spaces.ru;spcs.bio;ssnc.cloud;strip2.club;strip2.in;thelansingjournal.com;thisisreno.com;toshiba-europe.com;tylerobrien.dev;ubmdns.com;viralporn.com;wausaupilotandreview.com;yandexcloud.net;zaltv.com,242939
2024-11-17,172066,8777,5.100949635604942,171725,341,0,0,False,76898102.xyz;avalai.ir;batesvilletechnology.com;bitcoinmagazine.com;brandable.uk;chaika.me;click.press;co.id;columbusunderground.com;county10.com;decaturish.com;domainactive.org;dpaste.org;emailable.com;fayettevilleflyer.com;fedded.org;flwc.cc;foundationdns.com;foundationdns.net;foundationdns.org;hemi.xyz;informadns.com;kinotam.org;kitdns.no;nmindepth.com;psi.id;racunalo.com;rspnet.jp;salla.cloud;scale.bank;seized.gov;spaces.ru;spcs.bio;ssnc.cloud;strip2.club;strip2.in;thelansingjournal.com;thisisreno.com;toshiba-europe.com;tylerobrien.dev;ubmdns.com;viralporn.com;wausaupilotandreview.com;yandexcloud.net;zaltv.com,242907
2024-11-18,172601,8776,5.084559185636236,172261,340,0,0,False,76898102.xyz;avalai.ir;batesvilletechnology.com;bitcoinmagazine.com;brandable.uk;chaika.me;click.press;co.id;columbusunderground.com;county10.com;decaturish.com;domainactive.org;dpaste.org;emailable.com;fayettevilleflyer.com;fedded.org;flwc.cc;foundationdns.com;foundationdns.net;foundationdns.org;hemi.xyz;informadns.com;kinotam.org;kitdns.no;nmindepth.com;psi.id;racunalo.com;rspnet.jp;salla.cloud;scale.bank;seized.gov;spaces.ru;spcs.bio;ssnc.cloud;strip2.club;strip2.in;thisisreno.com;toshiba-europe.com;tylerobrien.dev;ubmdns.com;viralporn.com;wausaupilotandreview.com;yandexcloud.net;zaltv.com,243398
2024-11-19,167688,8875,5.292567148513907,167385,302,1,0,False,76898102.xyz;avalai.ir;batesvilletechnology.com;bitcoinmagazine.com;brandable.uk;chaika.me;click.press;co.id;columbusunderground.com;county10.com;decaturish.com;domainactive.org;dpaste.org;emailable.com;fayettevilleflyer.com;fedded.org;flwc.cc;foundationdns.com;foundationdns.net;foundationdns.org;hemi.xyz;informadns.com;kinotam.org;kitdns.no;net.ba;nmindepth.com;psi.id;racunalo.com;rspnet.jp;safenames.com;safenames.net;safenames.org;salla.cloud;scale.bank;seized.gov;spaces.ru;spcs.bio;ssnc.cloud;strip2.club;strip2.in;thisisreno.com;toshiba-europe.com;tylerobrien.dev;ubmdns.com;viralporn.com;wausaupilotandreview.com;yandexcloud.net;zaltv.com,239013
2024-11-20,165788,8881,5.35684126716047,165499,289,0,0,False,76898102.xyz;avalai.ir;batesvilletechnology.com;bitcoinmagazine.com;brandable.uk;chaika.me;click.press;co.id;columbusunderground.com;county10.com;decaturish.com;domainactive.org;dpaste.org;emailable.com;fayettevilleflyer.com;fedded.org;flwc.cc;foundationdns.com;foundationdns.net;foundationdns.org;hemi.xyz;informadns.com;kinotam.org;kitdns.no;nmindepth.com;psi.id;pstb.win;racunalo.com;rspnet.jp;salla.cloud;scale.bank;seized.gov;spaces.ru;spcs.bio;ssnc.cloud;strip2.club;strip2.in;thisisreno.com;toshiba-europe.com;tylerobrien.dev;ubmdns.com;viralporn.com;wausaupilotandreview.com;yandexcloud.net;zaltv.com,237507
2024-11-21,165530,8885,5.367607080287561,165235,294,0,1,False,76898102.xyz;aleoscan.io;avalai.ir;batesvilletechnology.com;bitcoinmagazine.com;brandable.uk;chaika.me;click.press;co.id;columbusunderground.com;county10.com;decaturish.com;domainactive.org;dpaste.org;emailable.com;fayettevilleflyer.com;fedded.org;flwc.cc;foundationdns.com;foundationdns.net;foundationdns.org;gcdn.services;gcorelabs.net;hemi.xyz;hover.com;informadns.com;julydns.com;kinotam.org;kitdns.no;nmindepth.com;psi.id;pstb.win;racunalo.com;rspnet.jp;salla.cloud;scale.bank;seized.gov;spaces.ru;spcs.bio;ssnc.cloud;strip2.club;strip2.in;thisisreno.com;toshiba-europe.com;tylerobrien.dev;ubmdns.com;viralporn.com;wausaupilotandreview.com;yandexcloud.net;zaltv.com,237101
2024-11-22,165321,8855,5.356246332891768,165029,291,0,1,False,76898102.xyz;aleoscan.io;avalai.ir;batesvilletechnology.com;bitcoinmagazine.com;brandable.uk;chaika.me;click.press;co.id;columbusunderground.com;county10.com;decaturish.com;domainactive.org;dpaste.org;emailable.com;fayettevilleflyer.com;fedded.org;flwc.cc;foundationdns.com;foundationdns.net;foundationdns.org;gcdn.services;gcorelabs.net;hemi.xyz;informadns.com;kinotam.org;kitdns.no;nmindepth.com;psi.id;pstb.win;racunalo.com;rspnet.jp;salla.cloud;scale.bank;seized.gov;serveriai.lt;spaces.ru;spcs.bio;ssnc.cloud;strip2.club;strip2.in;thisisreno.com;toshiba-europe.com;tylerobrien.dev;ubmdns.com;viralporn.com;wausaupilotandreview.com;yandexcloud.net;zaltv.com,237025
2024-11-23,165250,8848,5.354311649016641,164961,289,0,0,False,76898102.xyz;aleoscan.io;avalai.ir;batesvilletechnology.com;bitcoinmagazine.com;brandable.uk;chaika.me;click.press;co.id;columbusunderground.com;county10.com;decaturish.com;domainactive.org;dpaste.org;emailable.com;fayettevilleflyer.com;fedded.org;flwc.cc;foundationdns.com;foundationdns.net;foundationdns.org;gcdn.services;gcorelabs.net;hemi.xyz;informadns.com;kinotam.org;kitdns.no;nmindepth.com;psi.id;pstb.win;racunalo.com;rspnet.jp;salla.cloud;scale.bank;seized.gov;spaces.ru;spcs.bio;ssnc.cloud;strip2.club;strip2.in;thisisreno.com;toshiba-europe.com;tylerobrien.dev;ubmdns.com;viralporn.com;wausaupilotandreview.com;yandexcloud.net;zaltv.com,236933
2024-11-24,165497,8862,5.354779844951872,165206,289,0,2,False,76898102.xyz;aleoscan.io;avalai.ir;batesvilletechnology.com;bitcoinmagazine.com;brandable.uk;chaika.me;click.press;co.id;columbusunderground.com;county10.com;decaturish.com;domainactive.org;dpaste.org;emailable.com;fayettevilleflyer.com;fedded.org;flwc.cc;foundationdns.com;foundationdns.net;foundationdns.org;gcdn.services;gcorelabs.net;hemi.xyz;informadns.com;kinotam.org;kitdns.no;nmindepth.com;psi.id;pstb.win;racunalo.com;rspnet.jp;salla.cloud;scale.bank;seized.gov;spaces.ru;spcs.bio;ssnc.cloud;strip2.club;strip2.in;thisisreno.com;toshiba-europe.com;tylerobrien.dev;ubmdns.com;viralporn.com;wausaupilotandreview.com;yandexcloud.net;zaltv.com,237195
2024-11-25,164789,8836,5.362008386482107,164547,242,0,0,False,76898102.xyz;aleoscan.io;avalai.ir;batesvilletechnology.com;bitcoinmagazine.com;brandable.uk;chaika.me;click.press;co.id;columbusunderground.com;county10.com;decaturish.com;domainactive.org;dpaste.org;emailable.com;fayettevilleflyer.com;fedded.org;flwc.cc;foundationdns.com;foundationdns.net;foundationdns.org;gcdn.services;gcorelabs.net;hemi.xyz;informadns.com;kinotam.org;kitdns.no;nmindepth.com;psi.id;pstb.win;racunalo.com;rspnet.jp;salla.cloud;scale.bank;seized.gov;spaces.ru;spcs.bio;ssnc.cloud;strip2.club;strip2.in;thisisreno.com;toshiba-europe.com;tylerobrien.dev;ubmdns.com;viralporn.com;wausaupilotandreview.com;yandexcloud.net;zaltv.com,236724
2024-11-26,164792,8813,5.34795378416428,164553,238,0,1,False,76898102.xyz;aleoscan.io;avalai.ir;batesvilletechnology.com;bitcoinmagazine.com;brandable.uk;chaika.me;click.press;co.id;columbusunderground.com;county10.com;decaturish.com;dnsowl.com;domainactive.org;dpaste.org;emailable.com;fayettevilleflyer.com;fedded.org;flwc.cc;foundationdns.com;foundationdns.net;foundationdns.org;gcdn.services;gcorelabs.net;hemi.xyz;informadns.com;kinotam.org;kitdns.no;nmindepth.com;psi.id;pstb.win;racunalo.com;salla.cloud;scale.bank;seized.gov;spaces.ru;spcs.bio;ssnc.cloud;strip2.club;strip2.in;thisisreno.com;toshiba-europe.com;tylerobrien.dev;ubmdns.com;viralporn.com;wausaupilotandreview.com;yandexcloud.net;zaltv.com,236671
2024-11-27,164631,8805,5.348324434644751,164393,238,0,0,False,76898102.xyz;aleoscan.io;avalai.ir;batesvilletechnology.com;bitcoinmagazine.com;brandable.uk;chaika.me;click.press;co.id;columbusunderground.com;county10.com;decaturish.com;domainactive.org;dpaste.org;emailable.com;fayettevilleflyer.com;fedded.org;flwc.cc;foundationdns.com;foundationdns.net;foundationdns.org;gcdn.services;gcorelabs.net;hemi.xyz;informadns.com;kinotam.org;kitdns.no;nmindepth.com;psi.id;pstb.win;racunalo.com;rspnet.jp;salla.cloud;scale.bank;seized.gov;spaces.ru;spcs.bio;ssnc.cloud;strip2.club;strip2.in;thisisreno.com;toshiba-europe.com;tylerobrien.dev;ubmdns.com;viralporn.com;wausaupilotandreview.com;yandexcloud.net;zaltv.com,236550
2024-11-28,164405,8800,5.352635260484778,164168,236,0,1,False,76898102.xyz;aleoscan.io;batesvilletechnology.com;bitcoinmagazine.com;brandable.uk;chaika.me;click.press;co.id;columbusunderground.com;contabo.net;county10.com;decaturish.com;domainactive.org;dpaste.org;emailable.com;fayettevilleflyer.com;flwc.cc;foundationdns.com;foundationdns.net;foundationdns.org;gcdn.services;gcorelabs.net;hemi.xyz;informadns.com;kinotam.org;kitdns.no;nmindepth.com;pstb.win;racunalo.com;rspnet.jp;salla.cloud;scale.bank;seized.gov;spaces.ru;spcs.bio;ssnc.cloud;strip2.club;strip2.in;thisisreno.com;toshiba-europe.com;tylerobrien.dev;ubmdns.com;viralporn.com;wausaupilotandreview.com;yandexcloud.net;zaltv.com,236283
2024-11-29,163834,8758,5.345654748098686,163601,233,0,0,False,76898102.xyz;aleoscan.io;batesvilletechnology.com;bitcoinmagazine.com;brandable.uk;chaika.me;click.press;co.id;columbusunderground.com;county10.com;decaturish.com;domainactive.org;dpaste.org;emailable.com;fayettevilleflyer.com;flwc.cc;foundationdns.com;foundationdns.net;foundationdns.org;gcdn.services;gcorelabs.net;hemi.xyz;informadns.com;kinotam.org;kitdns.no;nmindepth.com;pstb.win;racunalo.com;rspnet.jp;salla.cloud;scale.bank;seized.gov;spaces.ru;spcs.bio;ssnc.cloud;strip2.club;strip2.in;thisisreno.com;toshiba-europe.com;tylerobrien.dev;ubmdns.com;viralporn.com;wausaupilotandreview.com;yandexcloud.net;zaltv.com,235356
2024-11-30,163013,8744,5.363989375080515,162779,234,0,0,False,76898102.xyz;aleoscan.io;batesvilletechnology.com;bitcoinmagazine.com;brandable.uk;chaika.me;click.press;co.id;columbusunderground.com;county10.com;decaturish.com;domainactive.org;dpaste.org;emailable.com;ezoicns.com;fayettevilleflyer.com;flwc.cc;foundationdns.com;foundationdns.net;foundationdns.org;gcdn.services;gcorelabs.net;hemi.xyz;informadns.com;kinotam.org;kitdns.no;nmindepth.com;pstb.win;racunalo.com;rspnet.jp;salla.cloud;scale.bank;seized.gov;spaces.ru;spcs.bio;ssnc.cloud;strip2.club;strip2.in;thisisreno.com;toshiba-europe.com;tylerobrien.dev;ubmdns.com;viralporn.com;wausaupilotandreview.com;wegoo.com;yandexcloud.net;zaltv.com,234568
2024-12-01,162991,8760,5.374529882018026,162752,237,0,2,False,76898102.xyz;aleoscan.io;batesvilletechnology.com;bitcoinmagazine.com;brandable.uk;chaika.me;click.press;co.id;columbusunderground.com;county10.com;decaturish.com;domainactive.org;dpaste.org;emailable.com;ezoicns.com;fayettevilleflyer.com;flwc.cc;foundationdns.com;foundationdns.net;foundationdns.org;gcdn.services;gcorelabs.net;gob.pa;hemi.xyz;informadns.com;kinotam.org;kitdns.no;nmindepth.com;pstb.win;racunalo.com;rspnet.jp;salla.cloud;scale.bank;seized.gov;spaces.ru;spcs.bio;ssnc.cloud;strip2.club;strip2.in;thisisreno.com;toshiba-europe.com;tylerobrien.dev;ubmdns.com;viralporn.com;wausaupilotandreview.com;wegoo.com;yandexcloud.net;zaltv.com,233736
2024-12-02,162201,8783,5.414886468024242,161961,240,0,0,False,76898102.xyz;aleoscan.io;batesvilletechnology.com;bitcoinmagazine.com;brandable.uk;chaika.me;click.press;co.id;columbusunderground.com;county10.com;decaturish.com;domainactive.org;dpaste.org;emailable.com;ezoicns.com;fayettevilleflyer.com;flwc.cc;foundationdns.com;foundationdns.net;foundationdns.org;gcdn.services;gcorelabs.net;hemi.xyz;informadns.com;julydns.com;kinotam.org;kitdns.no;nmindepth.com;pstb.win;racunalo.com;rspnet.jp;salla.cloud;scale.bank;seized.gov;spaces.ru;spcs.bio;ssnc.cloud;strip2.club;strip2.in;thisisreno.com;toshiba-europe.com;tylerobrien.dev;ubmdns.com;viralporn.com;wausaupilotandreview.com;wegoo.com;yandexcloud.net;zaltv.com,232183
2024-12-03,162011,8811,5.438519606693372,161771,239,0,1,False,76898102.xyz;aleoscan.io;batesvilletechnology.com;bitcoinmagazine.com;brandable.uk;chaika.me;click.press;co.id;columbusunderground.com;county10.com;decaturish.com;domainactive.org;dpaste.org;emailable.com;fayettevilleflyer.com;flwc.cc;foundationdns.com;foundationdns.net;foundationdns.org;gcdn.services;gcorelabs.net;hemi.xyz;informadns.com;kinotam.org;kitdns.no;nmindepth.com;pstb.win;racunalo.com;rspnet.jp;salla.cloud;scale.bank;seized.gov;spaces.ru;spcs.bio;ssnc.cloud;strip2.club;strip2.in;thisisreno.com;toshiba-europe.com;tylerobrien.dev;ubmdns.com;viralporn.com;wausaupilotandreview.com;wegoo.com;yandexcloud.net;zaltv.com,231920
2024-12-04,162280,8836,5.444910032043381,162039,240,0,1,False,76898102.xyz;aleoscan.io;batesvilletechnology.com;bitcoinmagazine.com;brandable.uk;chaika.me;click.press;co.id;columbusunderground.com;county10.com;decaturish.com;domainactive.org;dpaste.org;emailable.com;fayettevilleflyer.com;flwc.cc;foundationdns.com;foundationdns.net;foundationdns.org;gcdn.services;gcorelabs.net;hemi.xyz;informadns.com;kinotam.org;kitdns.no;nmindepth.com;pstb.win;racunalo.com;rspnet.jp;salla.cloud;scale.bank;seized.gov;spaces.ru;spcs.bio;ssnc.cloud;strip2.club;strip2.in;thisisreno.com;toshiba-europe.com;tylerobrien.dev;ubmdns.com;viralporn.com;wausaupilotandreview.com;wegoo.com;yandexcloud.net;zaltv.com,232155
2024-12-05,162007,8855,5.465813205602227,161769,237,0,1,False,76898102.xyz;aleoscan.io;batesvilletechnology.com;bitcoinmagazine.com;brandable.uk;chaika.me;click.press;co.id;columbusunderground.com;county10.com;decaturish.com;domainactive.org;dpaste.org;emailable.com;fayettevilleflyer.com;flwc.cc;foundationdns.com;foundationdns.net;foundationdns.org;gcdn.services;gcorelabs.net;hemi.xyz;informadns.com;kinotam.org;kitdns.no;nmindepth.com;pstb.win;racunalo.com;rspnet.jp;salla.cloud;scale.bank;seized.gov;spaces.ru;spcs.bio;ssnc.cloud;strip2.club;strip2.in;thisisreno.com;toshiba-europe.com;tylerobrien.dev;ubmdns.com;viralporn.com;wausaupilotandreview.com;wegoo.com;yandexcloud.net;zaltv.com,231964
2024-12-06,166030,8791,5.294826236222369,165788,242,0,0,False,76898102.xyz;aleoscan.io;batesvilletechnology.com;bitcoinmagazine.com;brandable.uk;chaika.me;click.press;co.id;columbusunderground.com;county10.com;decaturish.com;domainactive.org;dpaste.org;emailable.com;fayettevilleflyer.com;flwc.cc;foundationdns.com;foundationdns.net;foundationdns.org;gcdn.services;gcorelabs.net;hemi.xyz;informadns.com;kinotam.org;kitdns.no;nmindepth.com;pstb.win;racunalo.com;rspnet.jp;rumahweb.com;rumahweb.net;salla.cloud;scale.bank;seized.gov;spaces.ru;spcs.bio;ssnc.cloud;strip2.club;strip2.in;thisisreno.com;toshiba-europe.com;tylerobrien.dev;ubmdns.com;utkarsh.bank;viralporn.com;wausaupilotandreview.com;wegoo.com;yandexcloud.net;zaltv.com,236121
2024-12-07,166409,8775,5.2731522934456665,166167,242,0,0,False,76898102.xyz;aleoscan.io;batesvilletechnology.com;bitcoinmagazine.com;brandable.uk;chaika.me;click.press;co.id;columbusunderground.com;county10.com;dashlabs.app;decaturish.com;domainactive.org;dpaste.org;emailable.com;fayettevilleflyer.com;flwc.cc;foundationdns.com;foundationdns.net;foundationdns.org;gcdn.services;gcorelabs.net;hemi.xyz;informadns.com;kinotam.org;kitdns.no;nmindepth.com;pstb.win;racunalo.com;rspnet.jp;salla.cloud;scale.bank;seized.gov;spaces.ru;spcs.bio;ssnc.cloud;strip2.club;strip2.in;thisisreno.com;toshiba-europe.com;tylerobrien.dev;ubmdns.com;utkarsh.bank;viralporn.com;wausaupilotandreview.com;wegoo.com;yandexcloud.net;zaltv.com,236572
2024-12-08,166373,8779,5.276697541067361,166129,244,0,0,False,76898102.xyz;aleoscan.io;batesvilletechnology.com;bitcoinmagazine.com;brandable.uk;chaika.me;click.press;co.id;columbusunderground.com;county10.com;dashlabs.app;decaturish.com;domainactive.org;dpaste.org;emailable.com;ezoicns.com;fayettevilleflyer.com;flwc.cc;foundationdns.com;foundationdns.net;foundationdns.org;gcdn.services;gcorelabs.net;hemi.xyz;informadns.com;kinotam.org;kitdns.no;nmindepth.com;pstb.win;racunalo.com;rspnet.jp;salla.cloud;scale.bank;seized.gov;solidhosting.pro;spaces.ru;spcs.bio;ssnc.cloud;strip2.club;strip2.in;thisisreno.com;toshiba-europe.com;tylerobrien.dev;ubmdns.com;utkarsh.bank;viralporn.com;wausaupilotandreview.com;wegoo.com;yandexcloud.net;zaltv.com,236570
2024-12-09,165641,8795,5.309675744531849,165399,242,0,0,False,76898102.xyz;aleoscan.io;batesvilletechnology.com;bitcoinmagazine.com;brandable.uk;chaika.me;click.press;co.id;columbusunderground.com;county10.com;dashlabs.app;decaturish.com;domainactive.org;dpaste.org;emailable.com;fayettevilleflyer.com;flwc.cc;foundationdns.com;foundationdns.net;foundationdns.org;gcdn.services;gcorelabs.net;hemi.xyz;informadns.com;kinotam.org;kitdns.no;nmindepth.com;pstb.win;racunalo.com;rspnet.jp;salla.cloud;scale.bank;seized.gov;solidhosting.pro;spaces.ru;spcs.bio;ssnc.cloud;strip2.club;strip2.in;thisisreno.com;toshiba-europe.com;tylerobrien.dev;ubmdns.com;utkarsh.bank;viralporn.com;wausaupilotandreview.com;wegoo.com;yandexcloud.net;zaltv.com,235870
2024-12-10,164415,8821,5.36508226135085,164173,241,0,1,False,76898102.xyz;aleoscan.io;batesvilletechnology.com;bitcoinmagazine.com;brandable.uk;chaika.me;click.press;co.id;columbusunderground.com;county10.com;dashlabs.app;decaturish.com;domainactive.org;dpaste.org;emailable.com;fayettevilleflyer.com;flwc.cc;foundationdns.com;foundationdns.net;foundationdns.org;gcdn.services;gcorelabs.net;hemi.xyz;informadns.com;kinotam.org;kitdns.no;nmindepth.com;pstb.win;racunalo.com;rspnet.jp;salla.cloud;scale.bank;seized.gov;spaces.ru;spcs.bio;ssnc.cloud;strip2.club;strip2.in;thisisreno.com;toshiba-europe.com;tylerobrien.dev;ubmdns.com;utkarsh.bank;viralporn.com;wausaupilotandreview.com;wegoo.com;yandexcloud.net;zaltv.com,234754
2024-12-11,164214,8822,5.372258150949371,163969,244,0,1,False,76898102.xyz;aleoscan.io;batesvilletechnology.com;bitcoinmagazine.com;brandable.uk;chaika.me;click.press;co.id;columbusunderground.com;county10.com;dashlabs.app;decaturish.com;domainactive.org;dpaste.org;emailable.com;fayettevilleflyer.com;flwc.cc;foundationdns.com;foundationdns.net;foundationdns.org;gcdn.services;gcorelabs.net;hemi.xyz;informadns.com;kinotam.org;kitdns.no;nmindepth.com;pstb.win;racunalo.com;rspnet.jp;salla.cloud;scale.bank;seized.gov;spaces.ru;spcs.bio;ssnc.cloud;strip2.club;strip2.in;thisisreno.com;toshiba-europe.com;tylerobrien.dev;ubmdns.com;utkarsh.bank;viralporn.com;wausaupilotandreview.com;wegoo.com;yandexcloud.net;zaltv.com,234620
2024-12-12,163964,8832,5.386548266692689,163717,246,0,1,False,76898102.xyz;aleoscan.io;batesvilletechnology.com;bitcoinmagazine.com;brandable.uk;chaika.me;click.press;co.id;columbusunderground.com;county10.com;dashlabs.app;decaturish.com;domainactive.org;dpaste.org;emailable.com;fayettevilleflyer.com;flwc.cc;foundationdns.com;foundationdns.net;foundationdns.org;gcdn.services;gcorelabs.net;hemi.xyz;informadns.com;kinotam.org;kitdns.no;nmindepth.com;pstb.win;racunalo.com;rspnet.jp;salla.cloud;scale.bank;seized.gov;spaces.ru;spcs.bio;ssnc.cloud;strip2.club;strip2.in;thisisreno.com;toshiba-europe.com;tylerobrien.dev;ubmdns.com;utkarsh.bank;viralporn.com;wausaupilotandreview.com;yandexcloud.net;zaltv.com,234532
2024-12-13,163788,8830,5.3911153442254625,163544,244,0,0,False,76898102.xyz;aleoscan.io;batesvilletechnology.com;bitcoinmagazine.com;brandable.uk;chaika.me;click.press;co.id;columbusunderground.com;county10.com;dashlabs.app;decaturish.com;domainactive.org;dpaste.org;emailable.com;fayettevilleflyer.com;flwc.cc;foundationdns.com;foundationdns.net;foundationdns.org;hemi.xyz;informadns.com;kinotam.org;kitdns.no;nmindepth.com;pstb.win;racunalo.com;rspnet.jp;salla.cloud;scale.bank;seized.gov;spaces.ru;spcs.bio;ssnc.cloud;strip2.club;strip2.in;thisisreno.com;toshiba-europe.com;tylerobrien.dev;ubmdns.com;utkarsh.bank;viralporn.com;wausaupilotandreview.com;yandexcloud.net;zaltv.com,234320
2024-12-14,163830,8833,5.391564426539706,163585,244,0,1,False,76898102.xyz;aleoscan.io;batesvilletechnology.com;bitcoinmagazine.com;brandable.uk;chaika.me;click.press;co.id;columbusunderground.com;county10.com;dashlabs.app;decaturish.com;domainactive.org;dpaste.org;emailable.com;fayettevilleflyer.com;flwc.cc;foundationdns.com;foundationdns.net;foundationdns.org;hemi.xyz;informadns.com;kinotam.org;kitdns.no;nmindepth.com;pstb.win;racunalo.com;rspnet.jp;salla.cloud;scale.bank;seized.gov;sequencing.com;spaces.ru;spcs.bio;ssnc.cloud;strip2.club;strip2.in;thisisreno.com;toshiba-europe.com;tylerobrien.dev;ubmdns.com;utkarsh.bank;viralporn.com;wausaupilotandreview.com;yandexcloud.net;zaltv.com,234399
2024-12-15,164002,8863,5.404202387775759,163757,245,0,0,False,76898102.xyz;aleoscan.io;batesvilletechnology.com;bitcoinmagazine.com;brandable.uk;chaika.me;click.press;co.id;columbusunderground.com;county10.com;dashlabs.app;decaturish.com;domainactive.org;dpaste.org;emailable.com;fayettevilleflyer.com;flwc.cc;foundationdns.com;foundationdns.net;foundationdns.org;hemi.xyz;informadns.com;kinotam.org;kitdns.no;nmindepth.com;pstb.win;racunalo.com;rspnet.jp;salla.cloud;scale.bank;seized.gov;sequencing.com;spaces.ru;spcs.bio;ssnc.cloud;strip2.club;strip2.in;thisisreno.com;toshiba-europe.com;tylerobrien.dev;ubmdns.com;utkarsh.bank;viralporn.com;wausaupilotandreview.com;yandexcloud.net;zaltv.com,234557
2024-12-16,163020,8903,5.46129309287204,162774,246,0,0,False,76898102.xyz;aleoscan.io;batesvilletechnology.com;bitcoinmagazine.com;brandable.uk;chaika.me;click.press;co.id;columbusunderground.com;county10.com;dashlabs.app;decaturish.com;domainactive.org;dpaste.org;emailable.com;fayettevilleflyer.com;flwc.cc;foundationdns.com;foundationdns.net;foundationdns.org;hemi.xyz;informadns.com;kinotam.org;kitdns.no;nmindepth.com;pstb.win;racunalo.com;rspnet.jp;salla.cloud;scale.bank;seized.gov;sequencing.com;spaces.ru;spcs.bio;ssnc.cloud;strip2.club;strip2.in;thisisreno.com;toshiba-europe.com;tylerobrien.dev;ubmdns.com;utkarsh.bank;viralporn.com;wausaupilotandreview.com;yandexcloud.net;zaltv.com,233751
2024-12-17,157475,8978,5.701222416256549,157237,238,0,0,False,76898102.xyz;aleoscan.io;batesvilletechnology.com;bitcoinmagazine.com;brandable.uk;chaika.me;click.press;co.id;columbusunderground.com;county10.com;dashlabs.app;decaturish.com;dnsowl.com;domainactive.org;dpaste.org;emailable.com;fayettevilleflyer.com;flwc.cc;foundationdns.com;foundationdns.net;foundationdns.org;hemi.xyz;informadns.com;kinotam.org;kitdns.no;nmindepth.com;pstb.win;racunalo.com;rspnet.jp;salla.cloud;scale.bank;seized.gov;sequencing.com;spaces.ru;spcs.bio;ssnc.cloud;strip2.club;strip2.in;thisisreno.com;toshiba-europe.com;tylerobrien.dev;ubmdns.com;utkarsh.bank;viralporn.com;wausaupilotandreview.com;yandexcloud.net;zaltv.com,228509
2024-12-18,156669,8997,5.742680428163836,156432,237,0,0,False,76898102.xyz;aleoscan.io;batesvilletechnology.com;bitcoinmagazine.com;brandable.uk;chaika.me;click.press;co.id;columbusunderground.com;county10.com;dashlabs.app;decaturish.com;domainactive.org;dpaste.org;emailable.com;fayettevilleflyer.com;flwc.cc;foundationdns.com;foundationdns.net;foundationdns.org;hemi.xyz;informadns.com;kinotam.org;kitdns.no;nmindepth.com;pstb.win;racunalo.com;rspnet.jp;salla.cloud;scale.bank;seized.gov;sequencing.com;spaces.ru;spcs.bio;ssnc.cloud;strip2.club;strip2.in;thisisreno.com;toshiba-europe.com;tylerobrien.dev;ubmdns.com;utkarsh.bank;viralporn.com;wausaupilotandreview.com;yandexcloud.net;zaltv.com,227864
2024-12-19,156041,8998,5.766433181022936,155803,238,0,0,False,76898102.xyz;aleoscan.io;batesvilletechnology.com;bitcoinmagazine.com;brandable.uk;chaika.me;click.press;co.id;columbusunderground.com;county10.com;dashlabs.app;decaturish.com;domainactive.org;dpaste.org;emailable.com;fayettevilleflyer.com;flwc.cc;foundationdns.com;foundationdns.net;foundationdns.org;hemi.xyz;informadns.com;kinotam.org;kitdns.no;nmindepth.com;pstb.win;racunalo.com;rspnet.jp;salla.cloud;scale.bank;seized.gov;sequencing.com;spaces.ru;spcs.bio;ssnc.cloud;strip2.club;strip2.in;thisisreno.com;toshiba-europe.com;tylerobrien.dev;ubmdns.com;utkarsh.bank;viralporn.com;wausaupilotandreview.com;yandexcloud.net;zaltv.com,227363
2024-12-20,155847,8994,5.7710446784346185,155606,241,0,0,False,76898102.xyz;aleoscan.io;batesvilletechnology.com;bitcoinmagazine.com;brandable.uk;chaika.me;click.press;co.id;columbusunderground.com;county10.com;dashlabs.app;decaturish.com;domainactive.org;dpaste.org;emailable.com;fayettevilleflyer.com;flwc.cc;foundationdns.com;foundationdns.net;foundationdns.org;hackerone.com;hemi.xyz;informadns.com;kinotam.org;kitdns.no;nmindepth.com;pstb.win;racunalo.com;rspnet.jp;salla.cloud;scale.bank;seized.gov;sequencing.com;spaces.ru;spcs.bio;ssnc.cloud;strip2.club;strip2.in;thisisreno.com;tinyurl.com;toshiba-europe.com;tylerobrien.dev;ubmdns.com;utkarsh.bank;viralporn.com;wausaupilotandreview.com;yandexcloud.net;zaltv.com,227237
2024-12-21,155875,8987,5.76551724137931,155634,240,0,1,False,76898102.xyz;aleoscan.io;batesvilletechnology.com;bitcoinmagazine.com;brandable.uk;chaika.me;click.press;co.id;columbusunderground.com;county10.com;dashlabs.app;decaturish.com;domainactive.org;dpaste.org;emailable.com;fayettevilleflyer.com;flwc.cc;foundationdns.com;foundationdns.net;foundationdns.org;hackerone.com;hemi.xyz;informadns.com;kinotam.org;kitdns.no;nmindepth.com;pstb.win;racunalo.com;rspnet.jp;salla.cloud;scale.bank;seized.gov;sequencing.com;spaces.ru;spcs.bio;ssnc.cloud;strip2.club;strip2.in;thisisreno.com;tinyurl.com;toshiba-europe.com;tylerobrien.dev;ubmdns.com;utkarsh.bank;viralporn.com;wausaupilotandreview.com;yandexcloud.net;zaltv.com,227378
2024-12-22,154761,8967,5.794095411634714,154555,205,0,1,False,76898102.xyz;aleoscan.io;batesvilletechnology.com;bitcoinmagazine.com;brandable.uk;chaika.me;click.press;co.id;columbusunderground.com;county10.com;dashlabs.app;decaturish.com;domainactive.org;dpaste.org;emailable.com;fayettevilleflyer.com;flwc.cc;foundationdns.com;foundationdns.net;foundationdns.org;hackerone.com;hemi.xyz;informadns.com;kinotam.org;kitdns.no;nmindepth.com;pstb.win;racunalo.com;rspnet.jp;salla.cloud;scale.bank;seized.gov;sequencing.com;spaces.ru;spcs.bio;ssnc.cloud;strip2.club;strip2.in;superuser.one;thisisreno.com;tinyurl.com;toshiba-europe.com;tylerobrien.dev;ubmdns.com;utkarsh.bank;viralporn.com;wausaupilotandreview.com;yandexcloud.net;zaltv.com,226661
2024-12-23,154979,8981,5.794978674530098,154782,197,0,0,False,76898102.xyz;aleoscan.io;batesvilletechnology.com;bitcoinmagazine.com;brandable.uk;chaika.me;click.press;co.id;columbusunderground.com;county10.com;dashlabs.app;decaturish.com;domainactive.org;dpaste.org;emailable.com;fayettevilleflyer.com;flwc.cc;foundationdns.com;foundationdns.net;foundationdns.org;hackerone.com;hemi.xyz;informadns.com;kinotam.org;kitdns.no;nmindepth.com;pstb.win;racunalo.com;rspnet.jp;salla.cloud;scale.bank;seized.gov;sequencing.com;spaces.ru;spcs.bio;ssnc.cloud;strip2.club;strip2.in;superuser.one;thisisreno.com;tinyurl.com;toshiba-europe.com;tylerobrien.dev;ubmdns.com;utkarsh.bank;viralporn.com;wausaupilotandreview.com;yandexcloud.net;zaltv.com,227046
2024-12-24,155495,8987,5.7796070613203,155298,196,0,1,False,76898102.xyz;aleoscan.io;batesvilletechnology.com;bitcoinmagazine.com;brandable.uk;chaika.me;click.press;co.id;columbusunderground.com;county10.com;dashlabs.app;decaturish.com;domainactive.org;dpaste.org;emailable.com;fayettevilleflyer.com;flwc.cc;foundationdns.com;foundationdns.net;foundationdns.org;hackerone.com;hemi.xyz;informadns.com;kinotam.org;kitdns.no;nmindepth.com;pstb.win;racunalo.com;rspnet.jp;salla.cloud;seized.gov;sequencing.com;spaces.ru;spcs.bio;ssnc.cloud;strip2.club;strip2.in;superuser.one;thisisreno.com;tinyurl.com;toshiba-europe.com;tylerobrien.dev;ubmdns.com;utkarsh.bank;viralporn.com;wausaupilotandreview.com;yandexcloud.net;zaltv.com,227722
2024-12-25,155815,8996,5.773513461476751,155619,196,0,0,False,76898102.xyz;aleoscan.io;batesvilletechnology.com;bitcoinmagazine.com;brandable.uk;chaika.me;click.press;co.id;columbusunderground.com;county10.com;dashlabs.app;decaturish.com;domainactive.org;dpaste.org;emailable.com;fayettevilleflyer.com;flwc.cc;foundationdns.com;foundationdns.net;foundationdns.org;hackerone.com;hemi.xyz;informadns.com;kinotam.org;kitdns.no;nmindepth.com;pstb.win;racunalo.com;rspnet.jp;salla.cloud;seized.gov;sequencing.com;spaces.ru;spcs.bio;ssnc.cloud;strip2.club;strip2.in;superuser.one;thisisreno.com;tinyurl.com;toshiba-europe.com;tylerobrien.dev;ubmdns.com;utkarsh.bank;viralporn.com;wausaupilotandreview.com;yandexcloud.net;zaltv.com,228325
2024-12-26,156216,8997,5.7593332309110465,156023,193,0,0,False,76898102.xyz;aleoscan.io;batesvilletechnology.com;bitcoinmagazine.com;brandable.uk;chaika.me;click.press;co.id;columbusunderground.com;county10.com;dashlabs.app;decaturish.com;domainactive.org;dpaste.org;emailable.com;fayettevilleflyer.com;flwc.cc;foundationdns.com;foundationdns.net;foundationdns.org;hackerone.com;hemi.xyz;informadns.com;kinotam.org;kitdns.no;nmindepth.com;pstb.win;racunalo.com;rspnet.jp;salla.cloud;seized.gov;sequencing.com;spaces.ru;spcs.bio;ssnc.cloud;strip2.club;strip2.in;superuser.one;thisisreno.com;tinyurl.com;toshiba-europe.com;tylerobrien.dev;ubmdns.com;utkarsh.bank;viralporn.com;wausaupilotandreview.com;yandexcloud.net;zaltv.com,229137
2024-12-27,156701,8991,5.737678764015546,156510,191,0,0,False,76898102.xyz;aleoscan.io;batesvilletechnology.com;bitcoinmagazine.com;brandable.uk;chaika.me;click.press;co.id;columbusunderground.com;county10.com;dashlabs.app;decaturish.com;domainactive.org;dpaste.org;emailable.com;fayettevilleflyer.com;flwc.cc;foundationdns.com;foundationdns.net;foundationdns.org;hackerone.com;hemi.xyz;informadns.com;kinotam.org;kitdns.no;nmindepth.com;pstb.win;racunalo.com;rspnet.jp;salla.cloud;seized.gov;sequencing.com;spaces.ru;spcs.bio;ssnc.cloud;strip2.club;strip2.in;superuser.one;thisisreno.com;tinyurl.com;toshiba-europe.com;tylerobrien.dev;ubmdns.com;utkarsh.bank;viralporn.com;wausaupilotandreview.com;yandexcloud.net;zaltv.com,229980
2024-12-28,156139,9048,5.794836651957551,155935,201,0,3,False,76898102.xyz;aleoscan.io;batesvilletechnology.com;bitcoinmagazine.com;brandable.uk;chaika.me;click.press;co.id;columbusunderground.com;county10.com;dashlabs.app;decaturish.com;domainactive.org;dpaste.org;emailable.com;fayettevilleflyer.com;flwc.cc;foundationdns.com;foundationdns.net;foundationdns.org;hackerone.com;hemi.xyz;informadns.com;kinotam.org;kitdns.no;nmindepth.com;pstb.win;racunalo.com;rspnet.jp;salla.cloud;seized.gov;sequencing.com;spaces.ru;spcs.bio;ssnc.cloud;strip2.club;strip2.in;superuser.one;thisisreno.com;tinyurl.com;toshiba-europe.com;tylerobrien.dev;ubmdns.com;utkarsh.bank;viralporn.com;wausaupilotandreview.com;yandexcloud.net;zaltv.com,228335
2024-12-29,156708,9084,5.796768512137223,156506,202,0,0,False,76898102.xyz;aleoscan.io;batesvilletechnology.com;bitcoinmagazine.com;brandable.uk;chaika.me;click.press;co.id;columbusunderground.com;county10.com;dashlabs.app;decaturish.com;domainactive.org;dpaste.org;emailable.com;fayettevilleflyer.com;flwc.cc;foundationdns.com;foundationdns.net;foundationdns.org;hackerone.com;hemi.xyz;informadns.com;kinotam.org;kitdns.no;nmindepth.com;pstb.win;racunalo.com;rspnet.jp;salla.cloud;seized.gov;sequencing.com;spaces.ru;spcs.bio;ssnc.cloud;strip2.club;strip2.in;superuser.one;thisisreno.com;tinyurl.com;toshiba-europe.com;tylerobrien.dev;ubmdns.com;utkarsh.bank;viralporn.com;wausaupilotandreview.com;yandexcloud.net;zaltv.com,229242
2024-12-30,156849,9083,5.79091992935881,156647,202,0,0,False,76898102.xyz;aleoscan.io;batesvilletechnology.com;bitcoinmagazine.com;brandable.uk;chaika.me;click.press;co.id;columbusunderground.com;county10.com;dashlabs.app;decaturish.com;domainactive.org;dpaste.org;emailable.com;fayettevilleflyer.com;flwc.cc;foundationdns.com;foundationdns.net;foundationdns.org;hackerone.com;hemi.xyz;informadns.com;kinotam.org;kitdns.no;njalla.fo;njalla.in;njalla.no;nmindepth.com;psi.id;pstb.win;racunalo.com;rspnet.jp;salla.cloud;seized.gov;sequencing.com;spaces.ru;spcs.bio;ssnc.cloud;strip2.club;strip2.in;superuser.one;thisisreno.com;tinyurl.com;toshiba-europe.com;tylerobrien.dev;ubmdns.com;utkarsh.bank;viralporn.com;wausaupilotandreview.com;yandexcloud.net;zaltv.com,229481
2024-12-31,157806,9072,5.748830842933729,157603,203,0,0,False,76898102.xyz;aleoscan.io;batesvilletechnology.com;bitcoinmagazine.com;brandable.uk;chaika.me;click.press;co.id;columbusunderground.com;county10.com;dashlabs.app;decaturish.com;domainactive.org;dpaste.org;emailable.com;fayettevilleflyer.com;flwc.cc;foundationdns.com;foundationdns.net;foundationdns.org;hackerone.com;hemi.xyz;informadns.com;kinotam.org;kitdns.no;nmindepth.com;psi.id;pstb.win;racunalo.com;rspnet.jp;salla.cloud;seized.gov;sequencing.com;spaces.ru;spcs.bio;ssnc.cloud;strip2.club;strip2.in;superuser.one;thisisreno.com;tinyurl.com;toshiba-europe.com;tylerobrien.dev;ubmdns.com;utkarsh.bank;viralporn.com;wausaupilotandreview.com;yandexcloud.net;zaltv.com,230515
2025-01-01,158031,9070,5.739380248179154,157825,204,0,2,False,76898102.xyz;aleoscan.io;batesvilletechnology.com;bitcoinmagazine.com;brandable.uk;chaika.me;click.press;co.id;columbusunderground.com;county10.com;dashlabs.app;decaturish.com;domainactive.org;dpaste.org;emailable.com;fayettevilleflyer.com;flwc.cc;foundationdns.com;foundationdns.net;foundationdns.org;hackerone.com;hemi.xyz;informadns.com;kinotam.org;kitdns.no;nmindepth.com;psi.id;pstb.win;racunalo.com;rspnet.jp;salla.cloud;seized.gov;sequencing.com;spaces.ru;spcs.bio;ssnc.cloud;strip2.club;strip2.in;superuser.one;thisisreno.com;tinyurl.com;toshiba-europe.com;tylerobrien.dev;ubmdns.com;utkarsh.bank;viralporn.com;wausaupilotandreview.com;yandexcloud.net;zaltv.com,269379
2025-01-02,159451,9051,5.67635198274078,159242,209,0,0,False,76898102.xyz;aleoscan.io;batesvilletechnology.com;bitcoinmagazine.com;brandable.uk;chaika.me;click.press;co.id;columbusunderground.com;county10.com;dashlabs.app;decaturish.com;domainactive.org;dpaste.org;emailable.com;fayettevilleflyer.com;flwc.cc;foundationdns.com;foundationdns.net;foundationdns.org;gov.ua;hackerone.com;hemi.xyz;informadns.com;kinotam.org;kitdns.no;net.ba;nmindepth.com;psi.id;pstb.win;racunalo.com;rspnet.jp;salla.cloud;seized.gov;sequencing.com;spaces.ru;spcs.bio;ssnc.cloud;strip2.club;strip2.in;superuser.one;thisisreno.com;tinyurl.com;toshiba-europe.com;tylerobrien.dev;ubmdns.com;utkarsh.bank;viralporn.com;wausaupilotandreview.com;yandexcloud.net;zaltv.com,270799
2025-01-03,162432,8993,5.536470646178094,162219,210,0,3,False,76898102.xyz;aleoscan.io;batesvilletechnology.com;bitcoinmagazine.com;brandable.uk;chaika.me;click.press;co.id;columbusunderground.com;county10.com;dashlabs.app;decaturish.com;domainactive.org;dpaste.org;emailable.com;fayettevilleflyer.com;flwc.cc;foundationdns.com;foundationdns.net;foundationdns.org;gov.ua;hackerone.com;hemi.xyz;informadns.com;kinotam.org;kitdns.no;nmindepth.com;psi.id;racunalo.com;rspnet.jp;salla.cloud;seized.gov;sequencing.com;spaces.ru;spcs.bio;ssnc.cloud;strip2.club;strip2.in;superuser.one;thisisreno.com;tinyurl.com;toshiba-europe.com;tylerobrien.dev;ubmdns.com;utkarsh.bank;viralporn.com;wausaupilotandreview.com;yandexcloud.net;zaltv.com,275132
2025-01-04,162188,8995,5.5460329987422,161979,209,0,0,False,76898102.xyz;aleoscan.io;batesvilletechnology.com;bitcoinmagazine.com;brandable.uk;chaika.me;click.press;co.id;columbusunderground.com;county10.com;dashlabs.app;decaturish.com;domainactive.org;dpaste.org;emailable.com;fayettevilleflyer.com;flwc.cc;foundationdns.com;foundationdns.net;foundationdns.org;gov.ua;hackerone.com;hemi.xyz;informadns.com;kinotam.org;kitdns.no;nmindepth.com;psi.id;racunalo.com;rspnet.jp;salla.cloud;seized.gov;sequencing.com;spaces.ru;spcs.bio;ssnc.cloud;strip2.club;strip2.in;superuser.one;thisisreno.com;tinyurl.com;toshiba-europe.com;tylerobrien.dev;ubmdns.com;viralporn.com;wausaupilotandreview.com;yandexcloud.net;zaltv.com,275607
2025-01-05,162367,9009,5.548541267622116,162155,211,0,1,False,76898102.xyz;aleoscan.io;batesvilletechnology.com;bitcoinmagazine.com;brandable.uk;chaika.me;click.press;co.id;columbusunderground.com;county10.com;dashlabs.app;decaturish.com;domainactive.org;dpaste.org;emailable.com;fayettevilleflyer.com;flwc.cc;foundationdns.com;foundationdns.net;foundationdns.org;gov.ua;hackerone.com;hemi.xyz;informadns.com;kinotam.org;kitdns.no;nmindepth.com;psi.id;racunalo.com;rspnet.jp;salla.cloud;seized.gov;sequencing.com;spaces.ru;spcs.bio;ssnc.cloud;strip2.club;strip2.in;superuser.one;thisisreno.com;tinyurl.com;toshiba-europe.com;tylerobrien.dev;ubmdns.com;viralporn.com;wausaupilotandreview.com;yandexcloud.net;zaltv.com,276064
2025-01-06,162772,9040,5.553780748531689,162556,213,0,3,False,76898102.xyz;aleoscan.io;batesvilletechnology.com;bitcoinmagazine.com;brandable.uk;chaika.me;click.press;co.id;columbusunderground.com;county10.com;dashlabs.app;decaturish.com;domainactive.org;dpaste.org;emailable.com;fayettevilleflyer.com;flwc.cc;foundationdns.com;foundationdns.net;foundationdns.org;gdespaces.net;gov.ua;hackerone.com;hemi.xyz;informadns.com;kinotam.org;kitdns.no;matbao.vn;nmindepth.com;psi.id;racunalo.com;rspnet.jp;salla.cloud;seized.gov;sequencing.com;spaces.ru;spcs.bio;ssnc.cloud;strip2.club;strip2.in;superuser.one;thisisreno.com;tinyurl.com;toshiba-europe.com;tylerobrien.dev;ubmdns.com;viralporn.com;wausaupilotandreview.com;yandexcloud.net;zaltv.com,277576
2025-01-07,162503,9051,5.569743327815487,162289,212,0,2,False,76898102.xyz;aleoscan.io;batesvilletechnology.com;bitcoinmagazine.com;brandable.uk;chaika.me;click.press;co.id;columbusunderground.com;county10.com;dashlabs.app;decaturish.com;domainactive.org;dpaste.org;emailable.com;fayettevilleflyer.com;flwc.cc;foundationdns.com;foundationdns.net;foundationdns.org;gdespaces.net;gov.ua;hackerone.com;hemi.xyz;informadns.com;kinotam.org;kitdns.no;nmindepth.com;psi.id;racunalo.com;rspnet.jp;salla.cloud;seized.gov;sequencing.com;spaces.ru;spcs.bio;ssnc.cloud;strip2.club;strip2.in;superuser.one;thisisreno.com;tinyurl.com;toshiba-europe.com;tylerobrien.dev;ubmdns.com;viralporn.com;wausaupilotandreview.com;yandexcloud.net;zaltv.com,277530
2025-01-08,162518,9061,5.575382419178183,162303,212,0,3,False,76898102.xyz;aleoscan.io;batesvilletechnology.com;bitcoinmagazine.com;brandable.uk;chaika.me;click.press;co.id;columbusunderground.com;county10.com;dashlabs.app;decaturish.com;domainactive.org;dpaste.org;emailable.com;fayettevilleflyer.com;flwc.cc;foundationdns.com;foundationdns.net;foundationdns.org;gdespaces.net;gov.ua;hackerone.com;hemi.xyz;informadns.com;kinotam.org;kitdns.no;nmindepth.com;psi.id;racunalo.com;rspnet.jp;salla.cloud;seized.gov;sequencing.com;spaces.ru;spcs.bio;ssnc.cloud;strip2.club;strip2.in;superuser.one;thisisreno.com;tinyurl.com;toshiba-europe.com;tylerobrien.dev;ubmdns.com;viralporn.com;wausaupilotandreview.com;yandexcloud.net;zaltv.com,277869
2025-01-09,162005,9061,5.593037251936669,161785,217,0,3,False,76898102.xyz;aleoscan.io;batesvilletechnology.com;bitcoinmagazine.com;brandable.uk;chaika.me;click.press;co.id;columbusunderground.com;county10.com;cytiva.com;dashlabs.app;decaturish.com;domainactive.org;dpaste.org;emailable.com;fayettevilleflyer.com;flwc.cc;foundationdns.com;foundationdns.net;foundationdns.org;gdespaces.net;gov.ua;hackerone.com;hemi.xyz;informadns.com;kinotam.org;kitdns.no;nmindepth.com;psi.id;racunalo.com;rspnet.jp;salla.cloud;seized.gov;sequencing.com;spaces.ru;spcs.bio;ssnc.cloud;strip2.club;strip2.in;superuser.one;thisisreno.com;tinyurl.com;toshiba-europe.com;tylerobrien.dev;ubmdns.com;viralporn.com;voxga.es;wausaupilotandreview.com;yandexcloud.net;zaltv.com,277422
2025-01-10,161938,9075,5.603996591288024,161713,223,0,2,False,76898102.xyz;aleoscan.io;batesvilletechnology.com;bignet.id;bitcoinmagazine.com;brandable.uk;chaika.me;click.press;co.id;columbusunderground.com;county10.com;cytiva.com;dashlabs.app;decaturish.com;domainactive.org;dpaste.org;emailable.com;fayettevilleflyer.com;flwc.cc;foundationdns.com;foundationdns.net;foundationdns.org;gdespaces.net;gov.ua;hackerone.com;hemi.xyz;informadns.com;kinotam.org;kitdns.no;nmindepth.com;psi.id;racunalo.com;rspnet.jp;salla.cloud;seized.gov;sequencing.com;spaces.ru;spaceship.net;spcs.bio;ssnc.cloud;strip2.club;strip2.in;superuser.one;thisisreno.com;tinyurl.com;toshiba-europe.com;tylerobrien.dev;ubmdns.com;viralporn.com;voxga.es;wausaupilotandreview.com;yandexcloud.net;zaltv.com,277739
2025-01-11,161668,9078,5.615211420936735,161448,220,0,0,False,76898102.xyz;aleoscan.io;awsdns-02.com;awsdns-13.net;awsdns-23.org;awsdns-45.org;awsdns-59.com;awsdns-61.net;batesvilletechnology.com;bignet.id;bitcoinmagazine.com;brandable.uk;chaika.me;click.press;co.id;co.uk;columbusunderground.com;county10.com;cytiva.com;dashlabs.app;decaturish.com;domainactive.org;dpaste.org;emailable.com;fayettevilleflyer.com;flwc.cc;foundationdns.com;foundationdns.net;foundationdns.org;gdespaces.net;gov.ua;hackerone.com;hemi.xyz;informadns.com;kinotam.org;kitdns.no;nmindepth.com;psi.id;racunalo.com;reciprocity.com;rspnet.jp;salla.cloud;seized.gov;sequencing.com;spaces.ru;spcs.bio;ssnc.cloud;strip2.club;strip2.in;superuser.one;thisisreno.com;tinyurl.com;toshiba-europe.com;tylerobrien.dev;ubmdns.com;viralporn.com;voxga.es;wausaupilotandreview.com;yandexcloud.net;zaltv.com,277972
2025-01-12,161826,9089,5.6165263925450795,161606,219,0,1,False,76898102.xyz;aleoscan.io;awsdns-23.org;awsdns-59.com;awsdns-61.net;batesvilletechnology.com;bignet.id;bitcoinmagazine.com;brandable.uk;chaika.me;click.press;co.id;co.uk;columbusunderground.com;county10.com;cytiva.com;dashlabs.app;decaturish.com;domainactive.org;dpaste.org;emailable.com;fayettevilleflyer.com;flwc.cc;foundationdns.com;foundationdns.net;foundationdns.org;gdespaces.net;gov.ua;hackerone.com;hemi.xyz;informadns.com;kinotam.org;kitdns.no;nmindepth.com;psi.id;racunalo.com;reciprocity.com;rspnet.jp;salla.cloud;seized.gov;sequencing.com;spaces.ru;spcs.bio;ssnc.cloud;strip2.club;strip2.in;superuser.one;thisisreno.com;tinyurl.com;toshiba-europe.com;tylerobrien.dev;ubmdns.com;viralporn.com;voxga.es;wausaupilotandreview.com;yandexcloud.net;zaltv.com,277812
2025-01-13,161907,9109,5.6260692866892725,161684,218,0,5,False,76898102.xyz;aleoscan.io;batesvilletechnology.com;bignet.id;bitcoinmagazine.com;brandable.uk;chaika.me;click.press;co.id;columbusunderground.com;county10.com;cytiva.com;dashlabs.app;decaturish.com;domainactive.org;dpaste.org;emailable.com;fayettevilleflyer.com;flwc.cc;foundationdns.com;foundationdns.net;foundationdns.org;gdespaces.net;gov.ua;hackerone.com;hemi.xyz;informadns.com;julydns.com;kinotam.org;kitdns.no;nmindepth.com;psi.id;racunalo.com;reciprocity.com;rspnet.jp;salla.cloud;seized.gov;sequencing.com;spaces.ru;spcs.bio;ssnc.cloud;strip2.club;strip2.in;superuser.one;thisisreno.com;tinyurl.com;toshiba-europe.com;tylerobrien.dev;ubmdns.com;viralporn.com;voxga.es;wausaupilotandreview.com;yandexcloud.net;zaltv.com,277661
2025-01-14,162057,9130,5.633820199065761,161835,218,0,4,False,76898102.xyz;aleoscan.io;batesvilletechnology.com;bignet.id;bitcoinmagazine.com;brandable.uk;chaika.me;click.press;co.id;columbusunderground.com;county10.com;cytiva.com;dashlabs.app;decaturish.com;domainactive.org;dpaste.org;emailable.com;fayettevilleflyer.com;flwc.cc;foundationdns.com;foundationdns.net;foundationdns.org;gdespaces.net;gov.ua;hackerone.com;hemi.xyz;informadns.com;kinotam.org;kitdns.no;nmindepth.com;psi.id;racunalo.com;reciprocity.com;rspnet.jp;salla.cloud;seized.gov;sequencing.com;spaces.ru;spcs.bio;ssnc.cloud;strip2.club;strip2.in;superuser.one;thisisreno.com;tinyurl.com;toshiba-europe.com;tylerobrien.dev;ubmdns.com;viralporn.com;voxga.es;wausaupilotandreview.com;yandexcloud.net;zaltv.com,277139
2025-01-15,162240,9152,5.641025641025641,162023,217,0,0,False,76898102.xyz;aleoscan.io;batesvilletechnology.com;bignet.id;bitcoinmagazine.com;brandable.uk;chaika.me;click.press;co.id;columbusunderground.com;county10.com;cytiva.com;dashlabs.app;decaturish.com;domainactive.org;dpaste.org;emailable.com;fayettevilleflyer.com;flwc.cc;foundationdns.com;foundationdns.net;foundationdns.org;gdespaces.net;gov.ua;hackerone.com;hemi.xyz;informadns.com;kinotam.org;kitdns.no;larchmontbuzz.com;nmindepth.com;psi.id;racunalo.com;reciprocity.com;rspnet.jp;salla.cloud;seized.gov;sequencing.com;spaces.ru;spcs.bio;ssnc.cloud;strip2.club;strip2.in;thisisreno.com;tinyurl.com;toshiba-europe.com;tylerobrien.dev;ubmdns.com;viralporn.com;wausaupilotandreview.com;yandexcloud.net;zaltv.com,276254
2025-01-16,162658,9164,5.633906724538602,162440,216,0,2,False,76898102.xyz;aleoscan.io;batesvilletechnology.com;bignet.id;bitcoinmagazine.com;brandable.uk;chaika.me;click.press;co.id;columbusunderground.com;county10.com;cytiva.com;dashlabs.app;decaturish.com;domainactive.org;dpaste.org;emailable.com;fayettevilleflyer.com;flwc.cc;foundationdns.com;foundationdns.net;foundationdns.org;gdespaces.net;gov.ua;hackerone.com;hemi.xyz;informadns.com;kinotam.org;kitdns.no;larchmontbuzz.com;nmindepth.com;psi.id;racunalo.com;reciprocity.com;rspnet.jp;salla.cloud;seized.gov;sequencing.com;spaces.ru;spcs.bio;ssnc.cloud;strip2.club;strip2.in;thisisreno.com;tinyurl.com;toshiba-europe.com;tylerobrien.dev;ubmdns.com;viralporn.com;wausaupilotandreview.com;yandexcloud.net;zaltv.com,275659
2025-01-17,162961,9170,5.627113235682158,162745,216,0,0,False,76898102.xyz;aleoscan.io;batesvilletechnology.com;bignet.id;bitcoinmagazine.com;brandable.uk;chaika.me;click.press;co.id;columbusunderground.com;county10.com;cytiva.com;dashlabs.app;decaturish.com;domainactive.org;dpaste.org;emailable.com;fayettevilleflyer.com;flwc.cc;foundationdns.com;foundationdns.net;foundationdns.org;gdespaces.net;gov.ua;hackerone.com;hemi.xyz;informadns.com;kinotam.org;kitdns.no;larchmontbuzz.com;nmindepth.com;psi.id;racunalo.com;reciprocity.com;rspnet.jp;salla.cloud;seized.gov;sequencing.com;spaces.ru;spcs.bio;ssnc.cloud;strip2.club;strip2.in;thisisreno.com;tinyurl.com;toshiba-europe.com;tylerobrien.dev;ubmdns.com;viralporn.com;wausaupilotandreview.com;yandexcloud.net;zaltv.com,274899
2025-01-18,163380,9191,5.625535561268209,163162,217,0,1,False,76898102.xyz;aleoscan.io;batesvilletechnology.com;bignet.id;bitcoinmagazine.com;brandable.uk;chaika.me;click.press;co.id;columbusunderground.com;county10.com;cytiva.com;dashlabs.app;decaturish.com;domainactive.org;dpaste.org;emailable.com;fayettevilleflyer.com;flwc.cc;foundationdns.com;foundationdns.net;foundationdns.org;gdespaces.net;gov.ua;hackerone.com;hemi.xyz;informadns.com;kinotam.org;kitdns.no;larchmontbuzz.com;nmindepth.com;psi.id;racunalo.com;reciprocity.com;rspnet.jp;salla.cloud;seized.gov;sequencing.com;spaces.ru;spcs.bio;ssnc.cloud;strip2.club;strip2.in;thisisreno.com;tinyurl.com;toshiba-europe.com;tylerobrien.dev;ubmdns.com;viralporn.com;voxga.es;wausaupilotandreview.com;yandexcloud.net;zaltv.com,274254
2025-01-19,163571,9213,5.632416504148046,163352,218,0,1,False,76898102.xyz;aleoscan.io;batesvilletechnology.com;bignet.id;bitcoinmagazine.com;brandable.uk;chaika.me;click.press;co.id;columbusunderground.com;county10.com;cytiva.com;dashlabs.app;decaturish.com;domainactive.org;dpaste.org;emailable.com;fayettevilleflyer.com;flwc.cc;foundationdns.com;foundationdns.net;foundationdns.org;gdespaces.net;gov.ua;hackerone.com;hemi.xyz;informadns.com;kinotam.org;kitdns.no;larchmontbuzz.com;nmindepth.com;psi.id;racunalo.com;reciprocity.com;rspnet.jp;salla.cloud;seized.gov;sequencing.com;spaces.ru;spcs.bio;ssnc.cloud;strip2.club;strip2.in;thisisreno.com;tinyurl.com;toshiba-europe.com;tylerobrien.dev;ubmdns.com;viralporn.com;voxga.es;wausaupilotandreview.com;yandexcloud.net;zaltv.com,273104
2025-01-20,163997,9230,5.628151734482948,163778,218,0,1,False,76898102.xyz;aleoscan.io;batesvilletechnology.com;bignet.id;bitcoinmagazine.com;chaika.me;click.press;co.id;columbusunderground.com;county10.com;cytiva.com;dashlabs.app;decaturish.com;domainactive.org;dpaste.org;emailable.com;fayettevilleflyer.com;flwc.cc;foundationdns.com;foundationdns.net;foundationdns.org;gdespaces.net;gov.ua;hackerone.com;hemi.xyz;informadns.com;kinotam.org;kitdns.no;larchmontbuzz.com;nmindepth.com;psi.id;racunalo.com;reciprocity.com;rspnet.jp;salla.cloud;seized.gov;sequencing.com;spaces.ru;spcs.bio;ssnc.cloud;strip2.club;strip2.in;thisisreno.com;tinyurl.com;toshiba-europe.com;tylerobrien.dev;ubmdns.com;viralporn.com;voxga.es;wausaupilotandreview.com;yandexcloud.net;zaltv.com,271830
2025-01-21,161718,9275,5.735292298940131,161501,217,0,0,False,76898102.xyz;aleoscan.io;batesvilletechnology.com;bignet.id;bitcoinmagazine.com;chaika.me;click.press;co.id;columbusunderground.com;county10.com;cytiva.com;dashlabs.app;decaturish.com;domainactive.org;dpaste.org;emailable.com;fayettevilleflyer.com;flwc.cc;foundationdns.com;foundationdns.net;foundationdns.org;gdespaces.net;gov.ua;hackerone.com;hemi.xyz;informadns.com;kinotam.org;kitdns.no;larchmontbuzz.com;nmindepth.com;psi.id;racunalo.com;reciprocity.com;rspnet.jp;salla.cloud;seized.gov;sequencing.com;spaces.ru;spcs.bio;ssnc.cloud;strip2.club;strip2.in;thisisreno.com;tinyurl.com;toshiba-europe.com;tylerobrien.dev;ubmdns.com;viralporn.com;voxga.es;wausaupilotandreview.com;yandexcloud.net;zaltv.com,268825
2025-01-22,156997,9350,5.955527812633362,156790,207,0,0,False,76898102.xyz;aleoscan.io;batesvilletechnology.com;bignet.id;bitcoinmagazine.com;chaika.me;click.press;co.id;columbusunderground.com;county10.com;cytiva.com;dashlabs.app;decaturish.com;domainactive.org;dpaste.org;emailable.com;fayettevilleflyer.com;flwc.cc;foundationdns.com;foundationdns.net;foundationdns.org;gdespaces.net;gov.ua;hackerone.com;hemi.xyz;informadns.com;kinotam.org;kitdns.no;larchmontbuzz.com;nmindepth.com;psi.id;racunalo.com;reciprocity.com;rspnet.jp;salla.cloud;seized.gov;sequencing.com;spaces.ru;spcs.bio;ssnc.cloud;strip2.club;strip2.in;thisisreno.com;tinyurl.com;toshiba-europe.com;tylerobrien.dev;ubmdns.com;viralporn.com;voxga.es;wausaupilotandreview.com;yandexcloud.net;zaltv.com,264201
2025-01-23,156959,9360,5.963340745035327,156750,209,0,0,False,76898102.xyz;aleoscan.io;batesvilletechnology.com;bignet.id;bitcoinmagazine.com;chaika.me;click.press;co.id;columbusunderground.com;county10.com;cytiva.com;dashlabs.app;decaturish.com;domainactive.org;dpaste.org;emailable.com;fayettevilleflyer.com;flwc.cc;foundationdns.com;foundationdns.net;foundationdns.org;gdespaces.net;gov.ua;hackerone.com;hemi.xyz;informadns.com;kinotam.org;kitdns.no;larchmontbuzz.com;nmindepth.com;psi.id;racunalo.com;reciprocity.com;rspnet.jp;salla.cloud;seized.gov;sequencing.com;spaces.ru;spcs.bio;ssnc.cloud;strip2.club;strip2.in;thisisreno.com;tinyurl.com;toshiba-europe.com;tylerobrien.dev;ubmdns.com;viralporn.com;voxga.es;wausaupilotandreview.com;yandexcloud.net;zaltv.com,262718
2025-01-24,156661,9355,5.971492585902043,156452,209,0,0,False,76898102.xyz;aleoscan.io;batesvilletechnology.com;bignet.id;bitcoinmagazine.com;chaika.me;click.press;co.id;columbusunderground.com;county10.com;cytiva.com;dashlabs.app;decaturish.com;domainactive.org;dpaste.org;emailable.com;fayettevilleflyer.com;flwc.cc;foundationdns.com;foundationdns.net;foundationdns.org;gdespaces.net;gov.ua;hackerone.com;hemi.xyz;informadns.com;kinotam.org;kitdns.no;kyonix.com;larchmontbuzz.com;nmindepth.com;psi.id;racunalo.com;reciprocity.com;rspnet.jp;salla.cloud;seized.gov;sequencing.com;share-dns.com;share-dns.net;spaces.ru;spcs.bio;ssnc.cloud;strip2.club;strip2.in;thisisreno.com;tinyurl.com;toshiba-europe.com;tylerobrien.dev;ubmdns.com;viralporn.com;voxga.es;wausaupilotandreview.com;yandexcloud.net;zaltv.com,261787
2025-01-27,156057,9445,6.052275771032379,155841,215,0,1,False,76898102.xyz;aleoscan.io;batesvilletechnology.com;bignet.id;bitcoinmagazine.com;chaika.me;click.press;co.id;columbusunderground.com;county10.com;cytiva.com;dashlabs.app;decaturish.com;domainactive.org;dpaste.org;emailable.com;fayettevilleflyer.com;flwc.cc;foundationdns.com;foundationdns.net;foundationdns.org;gdespaces.net;gov.ua;hackerone.com;hemi.xyz;informadns.com;kinotam.org;kitdns.no;kyonix.com;larchmontbuzz.com;nmindepth.com;psi.id;racunalo.com;reciprocity.com;rspnet.jp;salla.cloud;seized.gov;sequencing.com;spaces.ru;spcs.bio;ssnc.cloud;strip2.club;strip2.in;thisisreno.com;tinyurl.com;toshiba-europe.com;tylerobrien.dev;ubmdns.com;upbet.com;viralporn.com;wausaupilotandreview.com;yandexcloud.net;zaltv.com,257263
2025-01-28,156048,9427,6.041089921049933,155851,195,0,2,False,76898102.xyz;aleoscan.io;batesvilletechnology.com;bignet.id;bitcoinmagazine.com;chaika.me;click.press;co.id;columbusunderground.com;county10.com;cytiva.com;dashlabs.app;decaturish.com;dns-parking.com;domainactive.org;dpaste.org;emailable.com;fayettevilleflyer.com;flwc.cc;foundationdns.com;foundationdns.net;foundationdns.org;gdespaces.net;gov.ua;hackerone.com;hemi.xyz;informadns.com;kinotam.org;kitdns.no;kyonix.com;larchmontbuzz.com;nmindepth.com;psi.id;racunalo.com;reciprocity.com;rspnet.jp;salla.cloud;seized.gov;sequencing.com;spaces.ru;spcs.bio;ssnc.cloud;strip2.club;strip2.in;thisisreno.com;tinyurl.com;toshiba-europe.com;tylerobrien.dev;ubmdns.com;upbet.com;viralporn.com;wausaupilotandreview.com;wuppertal.de;yandexcloud.net;zaltv.com,259656
2025-01-29,155918,9435,6.05125771238728,155722,196,0,0,False,76898102.xyz;aleoscan.io;batesvilletechnology.com;bignet.id;bitcoinmagazine.com;chaika.me;click.press;co.id;columbusunderground.com;county10.com;cytiva.com;dashlabs.app;decaturish.com;domainactive.org;dpaste.org;emailable.com;fayettevilleflyer.com;flwc.cc;foundationdns.com;foundationdns.net;foundationdns.org;gdespaces.net;gov.ua;hackerone.com;hemi.xyz;hostnext.net;informadns.com;kinotam.org;kitdns.no;kyonix.com;larchmontbuzz.com;nmindepth.com;psi.id;racunalo.com;reciprocity.com;rspnet.jp;salla.cloud;seized.gov;sequencing.com;spaces.ru;spcs.bio;ssnc.cloud;strip2.club;strip2.in;thisisreno.com;tinyurl.com;toshiba-europe.com;tylerobrien.dev;ubmdns.com;upbet.com;viralporn.com;wausaupilotandreview.com;wuppertal.de;yandexcloud.net;zaltv.com,258813
2025-01-30,155731,9469,6.080356512190893,155530,201,0,0,False,76898102.xyz;aleoscan.io;batesvilletechnology.com;bignet.id;bitcoinmagazine.com;chaika.me;click.press;co.id;columbusunderground.com;county10.com;cytiva.com;dashlabs.app;decaturish.com;domainactive.org;dpaste.org;emailable.com;fayettevilleflyer.com;flwc.cc;foundationdns.com;foundationdns.net;foundationdns.org;gdespaces.net;gov.ua;hackerone.com;hemi.xyz;informadns.com;kinotam.org;kitdns.no;kyonix.com;larchmontbuzz.com;nmindepth.com;psi.id;racunalo.com;reciprocity.com;rspnet.jp;salla.cloud;seized.gov;sequencing.com;spaces.ru;spcs.bio;ssnc.cloud;strip2.club;strip2.in;thisisreno.com;tinyurl.com;toshiba-europe.com;tylerobrien.dev;ubmdns.com;upbet.com;viralporn.com;wausaupilotandreview.com;wuppertal.de;yandexcloud.net;zaltv.com,257948
2025-01-31,155792,9524,6.113279244120365,155574,218,0,0,False,76898102.xyz;aleoscan.io;batesvilletechnology.com;bignet.id;bitcoinmagazine.com;chaika.me;click.press;co.id;columbusunderground.com;county10.com;cytiva.com;dashlabs.app;ddos-guard.net;decaturish.com;domainactive.org;dpaste.org;emailable.com;fayettevilleflyer.com;flwc.cc;foundationdns.com;foundationdns.net;foundationdns.org;gdespaces.net;gov.ua;hackerone.com;hemi.xyz;informadns.com;kinotam.org;kitdns.no;kyonix.com;larchmontbuzz.com;nmindepth.com;psi.id;racunalo.com;reciprocity.com;rspnet.jp;salla.cloud;seized.gov;sequencing.com;siteground.net;spaces.ru;spcs.bio;ssnc.cloud;strip2.club;strip2.in;thisisreno.com;tinyurl.com;topfrags.pl;toshiba-europe.com;tylerobrien.dev;ubmdns.com;upbet.com;viralporn.com;wausaupilotandreview.com;wuppertal.de;yandexcloud.net;zaltv.com,254912
2025-02-01,155536,9508,6.113054212529575,155318,217,0,1,False,76898102.xyz;aleoscan.io;batesvilletechnology.com;bignet.id;bitcoinmagazine.com;chaika.me;click.press;co.id;columbusunderground.com;county10.com;cytiva.com;dashlabs.app;decaturish.com;domainactive.org;dpaste.org;emailable.com;fayettevilleflyer.com;flwc.cc;foundationdns.com;foundationdns.net;foundationdns.org;gdespaces.net;gov.ua;hackerone.com;hemi.xyz;informadns.com;kinotam.org;kitdns.no;kyonix.com;larchmontbuzz.com;nmindepth.com;psi.id;racunalo.com;reciprocity.com;rspnet.jp;salla.cloud;seized.gov;sequencing.com;spaces.ru;spcs.bio;ssnc.cloud;strip2.club;strip2.in;thisisreno.com;tinyurl.com;topfrags.pl;toshiba-europe.com;tylerobrien.dev;ubmdns.com;upbet.com;viralporn.com;wausaupilotandreview.com;wuppertal.de;yandexcloud.net;zaltv.com,254187
2025-02-02,155187,9524,6.1371120003608555,154968,219,0,0,False,76898102.xyz;aleoscan.io;batesvilletechnology.com;bignet.id;bitcoinmagazine.com;chaika.me;click.press;co.id;columbusunderground.com;county10.com;cytiva.com;dashlabs.app;decaturish.com;domainactive.org;dpaste.org;emailable.com;fayettevilleflyer.com;flwc.cc;foundationdns.com;foundationdns.net;foundationdns.org;gdespaces.net;gov.ua;hackerone.com;hemi.xyz;informadns.com;kinotam.org;kitdns.no;kyonix.com;larchmontbuzz.com;nmindepth.com;psi.id;racunalo.com;reciprocity.com;rspnet.jp;salla.cloud;seized.gov;sequencing.com;spaces.ru;spcs.bio;ssnc.cloud;strip2.club;strip2.in;thisisreno.com;tinyurl.com;topfrags.pl;toshiba-europe.com;tylerobrien.dev;ubmdns.com;upbet.com;viralporn.com;voxga.es;wausaupilotandreview.com;wuppertal.de;yandexcloud.net;zaltv.com,253301
2025-02-03,155491,9532,6.1302583429266,155272,219,0,0,False,76898102.xyz;aleoscan.io;batesvilletechnology.com;bignet.id;bitcoinmagazine.com;chaika.me;click.press;co.id;columbusunderground.com;county10.com;cytiva.com;dashlabs.app;decaturish.com;dollarsmarkets.com;domainactive.org;dpaste.org;emailable.com;fayettevilleflyer.com;flwc.cc;foundationdns.com;foundationdns.net;foundationdns.org;gdespaces.net;gov.ua;hemi.xyz;informadns.com;kinotam.org;kitdns.no;kyonix.com;larchmontbuzz.com;nmindepth.com;psi.id;racunalo.com;reciprocity.com;rspnet.jp;salla.cloud;seized.gov;sequencing.com;spaces.ru;spcs.bio;ssnc.cloud;strip2.club;strip2.in;thisisreno.com;tinyurl.com;topfrags.pl;toshiba-europe.com;tylerobrien.dev;ubmdns.com;upbet.com;viralporn.com;voxga.es;wausaupilotandreview.com;wuppertal.de;yandexcloud.net;zaltv.com,253231
2025-02-04,155328,9527,6.133472393901936,155106,221,0,1,False,76898102.xyz;aleoscan.io;batesvilletechnology.com;bignet.id;bitcoinmagazine.com;chaika.me;click.press;co.id;columbusunderground.com;county10.com;cytiva.com;dashlabs.app;decaturish.com;dollarsmarkets.com;domainactive.org;dpaste.org;emailable.com;fayettevilleflyer.com;flwc.cc;foundationdns.com;foundationdns.net;foundationdns.org;gdespaces.net;gov.ua;hemi.xyz;informadns.com;kinotam.org;kitdns.no;kyonix.com;larchmontbuzz.com;nmindepth.com;psi.id;racunalo.com;reciprocity.com;rspnet.jp;salla.cloud;seized.gov;sequencing.com;shockhosting.com;spaces.ru;spcs.bio;ssnc.cloud;strip2.club;strip2.in;thelansingjournal.com;thisisreno.com;tinyurl.com;topfrags.pl;toshiba-europe.com;tylerobrien.dev;ubmdns.com;upbet.com;viralporn.com;voxga.es;wausaupilotandreview.com;wuppertal.de;yandexcloud.net;zaltv.com,252625
2025-02-05,155785,9539,6.123182591391982,155564,221,0,0,False,76898102.xyz;aleoscan.io;batesvilletechnology.com;bignet.id;bitcoinmagazine.com;chaika.me;click.press;co.id;columbusunderground.com;county10.com;cytiva.com;dashlabs.app;decaturish.com;dollarsmarkets.com;domainactive.org;dpaste.org;emailable.com;fayettevilleflyer.com;flwc.cc;foundationdns.com;foundationdns.net;foundationdns.org;gdespaces.net;gov.ua;hemi.xyz;informadns.com;kinotam.org;kitdns.no;kyonix.com;larchmontbuzz.com;nmindepth.com;psi.id;racunalo.com;reciprocity.com;rspnet.jp;salla.cloud;seized.gov;sequencing.com;spaces.ru;spcs.bio;ssnc.cloud;strip2.club;strip2.in;thelansingjournal.com;thisisreno.com;tinyurl.com;topfrags.pl;toshiba-europe.com;tylerobrien.dev;ubmdns.com;upbet.com;viralporn.com;voxga.es;wausaupilotandreview.com;wuppertal.de;yandexcloud.net;zaltv.com,253231
2025-02-06,161125,9492,5.891078355314197,160890,235,0,0,False,76898102.xyz;aleoscan.io;batesvilletechnology.com;bignet.id;bitcoinmagazine.com;chaika.me;click.press;co.id;columbusunderground.com;county10.com;cytiva.com;dashlabs.app;decaturish.com;dollarsmarkets.com;domainactive.org;dpaste.org;emailable.com;fayettevilleflyer.com;flwc.cc;foundationdns.com;foundationdns.net;foundationdns.org;gdespaces.net;gorbe.ninja;gov.ua;hemi.xyz;hostup.se;informadns.com;kinotam.org;kitdns.no;kyonix.com;larchmontbuzz.com;nmindepth.com;racunalo.com;reciprocity.com;rspnet.jp;salla.cloud;seized.gov;sequencing.com;spaces.ru;spcs.bio;ssnc.cloud;strip2.club;strip2.in;thelansingjournal.com;thisisreno.com;tinyurl.com;topfrags.pl;toshiba-europe.com;tylerobrien.dev;ubmdns.com;upbet.com;viralporn.com;voxga.es;wausaupilotandreview.com;wuppertal.de;yandexcloud.net;zaltv.com,259536
2025-02-07,159314,9486,5.9542789710885415,159079,235,0,0,False,76898102.xyz;aleoscan.io;batesvilletechnology.com;bignet.id;bitcoinmagazine.com;chaika.me;click.press;co.id;columbusunderground.com;county10.com;cytiva.com;dashlabs.app;decaturish.com;dollarsmarkets.com;domainactive.org;dpaste.org;emailable.com;fayettevilleflyer.com;flwc.cc;foundationdns.com;foundationdns.net;foundationdns.org;gdespaces.net;gorbe.ninja;gov.ua;hemi.xyz;hostup.se;informadns.com;kinotam.org;kitdns.no;kyonix.com;larchmontbuzz.com;nmindepth.com;racunalo.com;reciprocity.com;rspnet.jp;salla.cloud;seized.gov;sequencing.com;spaces.ru;spcs.bio;ssnc.cloud;strip2.club;strip2.in;thelansingjournal.com;thisisreno.com;tinyurl.com;topfrags.pl;toshiba-europe.com;tylerobrien.dev;ubmdns.com;upbet.com;viralporn.com;voxga.es;wausaupilotandreview.com;wuppertal.de;yandexcloud.net;zaltv.com,257666
2025-02-08,157655,9491,6.020107196092734,157420,234,0,1,False,76898102.xyz;aleoscan.io;batesvilletechnology.com;bignet.id;bitcoinmagazine.com;chaika.me;click.press;co.id;columbusunderground.com;county10.com;cytiva.com;dashlabs.app;decaturish.com;dollarsmarkets.com;domainactive.org;dpaste.org;emailable.com;fayettevilleflyer.com;flwc.cc;foundationdns.com;foundationdns.net;foundationdns.org;gdespaces.net;gorbe.ninja;gov.ua;hemi.xyz;hostup.se;informadns.com;kinotam.org;kitdns.no;kyonix.com;larchmontbuzz.com;nmindepth.com;racunalo.com;reciprocity.com;rspnet.jp;salla.cloud;seized.gov;sequencing.com;spaces.ru;spcs.bio;ssnc.cloud;strip2.club;strip2.in;thelansingjournal.com;thisisreno.com;tinyurl.com;topfrags.pl;toshiba-europe.com;tylerobrien.dev;ubmdns.com;upbet.com;viralporn.com;voxga.es;wausaupilotandreview.com;wuppertal.de;yandexcloud.net;zaltv.com,255822
2025-02-09,157125,9498,6.044868735083532,156887,238,0,0,False,76898102.xyz;aleoscan.io;batesvilletechnology.com;bignet.id;bitcoinmagazine.com;chaika.me;click.press;co.id;columbusunderground.com;county10.com;cytiva.com;dashlabs.app;decaturish.com;dollarsmarkets.com;domainactive.org;dpaste.org;emailable.com;fayettevilleflyer.com;flwc.cc;foundationdns.com;foundationdns.net;foundationdns.org;gdespaces.net;gorbe.ninja;gov.ua;hemi.xyz;hennepinhealthcare.org;hostup.se;informadns.com;kinotam.org;kitdns.no;kyonix.com;larchmontbuzz.com;nmindepth.com;racunalo.com;reciprocity.com;rspnet.jp;salla.cloud;seized.gov;sequencing.com;spaces.ru;spcs.bio;ssnc.cloud;strip2.club;strip2.in;thelansingjournal.com;thisisreno.com;tinyurl.com;topfrags.pl;toshiba-europe.com;tylerobrien.dev;ubmdns.com;upbet.com;viralporn.com;voxga.es;wausaupilotandreview.com;wuppertal.de;yandexcloud.net;zaltv.com,254848
2025-02-12,156371,9585,6.12965319656458,156131,238,0,2,False,76898102.xyz;aleoscan.io;awsdns-10.com;awsdns-39.org;awsdns-42.net;batesvilletechnology.com;bignet.id;bitcoinmagazine.com;chaika.me;click.press;co.id;co.uk;columbusunderground.com;county10.com;cytiva.com;dashlabs.app;decaturish.com;dollarsmarkets.com;domainactive.org;dpaste.org;emailable.com;fayettevilleflyer.com;foundationdns.com;foundationdns.net;foundationdns.org;gdespaces.net;gorbe.ninja;gov.ua;hemi.xyz;hennepinhealthcare.org;hostup.se;informadns.com;kinotam.org;kitdns.no;kyonix.com;larchmontbuzz.com;nmindepth.com;racunalo.com;reciprocity.com;rspnet.jp;salla.cloud;seized.gov;sequencing.com;spaces.ru;spcs.bio;ssnc.cloud;strip2.club;strip2.in;thelansingjournal.com;thisisreno.com;tinyurl.com;topfrags.pl;toshiba-europe.com;tylerobrien.dev;ubmdns.com;upbet.com;viralporn.com;voxga.es;wausaupilotandreview.com;wuppertal.de;yandexcloud.net;zaltv.com,254124
2025-02-13,156589,9569,6.11090178748188,156351,238,0,0,False,76898102.xyz;aleoscan.io;batesvilletechnology.com;bignet.id;bitcoinmagazine.com;chaika.me;click.press;co.id;columbusunderground.com;county10.com;cytiva.com;dashlabs.app;decaturish.com;dollarsmarkets.com;domainactive.org;dpaste.org;emailable.com;fayettevilleflyer.com;foundationdns.com;foundationdns.net;foundationdns.org;gdespaces.net;gorbe.ninja;gov.ua;hemi.xyz;hennepinhealthcare.org;hostup.se;informadns.com;kinotam.org;kitdns.no;kyonix.com;larchmontbuzz.com;nmindepth.com;racunalo.com;reciprocity.com;rspnet.jp;salla.cloud;seized.gov;sequencing.com;spaces.ru;spcs.bio;ssnc.cloud;strip2.club;strip2.in;thebedfordcitizen.org;thelansingjournal.com;thisisreno.com;tinyurl.com;topfrags.pl;toshiba-europe.com;tylerobrien.dev;ubmdns.com;upbet.com;viralporn.com;voxga.es;wausaupilotandreview.com;wuppertal.de;yandexcloud.net;zaltv.com,254645
2025-02-14,156600,9545,6.09514687100894,156362,238,0,0,False,76898102.xyz;aleoscan.io;batesvilletechnology.com;bignet.id;bitcoinmagazine.com;chaika.me;click.press;co.id;columbusunderground.com;county10.com;cytiva.com;dashlabs.app;decaturish.com;dollarsmarkets.com;domainactive.org;dpaste.org;emailable.com;fayettevilleflyer.com;foundationdns.com;foundationdns.net;foundationdns.org;gdespaces.net;gorbe.ninja;gov.ua;hemi.xyz;hennepinhealthcare.org;hostup.se;informadns.com;kinotam.org;kitdns.no;kyonix.com;larchmontbuzz.com;nmindepth.com;racunalo.com;reciprocity.com;rspnet.jp;salla.cloud;seized.gov;sequencing.com;spaces.ru;spcs.bio;ssnc.cloud;strip2.club;strip2.in;thebedfordcitizen.org;thelansingjournal.com;thisisreno.com;tinyurl.com;topfrags.pl;toshiba-europe.com;tylerobrien.dev;ubmdns.com;upbet.com;viralporn.com;voxga.es;wausaupilotandreview.com;wuppertal.de;yandexcloud.net;zaltv.com,254518
2025-02-15,156735,9570,6.1058474495167,156496,239,0,0,False,76898102.xyz;aleoscan.io;batesvilletechnology.com;bignet.id;bitcoinmagazine.com;chaika.me;click.press;co.id;columbusunderground.com;county10.com;cytiva.com;dashlabs.app;decaturish.com;dollarsmarkets.com;domainactive.org;dpaste.org;emailable.com;fayettevilleflyer.com;foundationdns.com;foundationdns.net;foundationdns.org;gdespaces.net;gorbe.ninja;gov.ua;hemi.xyz;hennepinhealthcare.org;hostup.se;informadns.com;kinotam.org;kitdns.no;kyonix.com;larchmontbuzz.com;nmindepth.com;racunalo.com;reciprocity.com;rspnet.jp;salla.cloud;seized.gov;sequencing.com;spaces.ru;spcs.bio;ssnc.cloud;strip2.club;strip2.in;thebedfordcitizen.org;thelansingjournal.com;thisisreno.com;tinyurl.com;topfrags.pl;toshiba-europe.com;tylerobrien.dev;ubmdns.com;upbet.com;viralporn.com;voxga.es;wausaupilotandreview.com;wuppertal.de;yandexcloud.net;zaltv.com,254608
2025-02-16,157143,9573,6.091903552814952,156904,238,0,1,False,76898102.xyz;aleoscan.io;batesvilletechnology.com;bignet.id;bitcoinmagazine.com;chaika.me;click.press;co.id;columbusunderground.com;county10.com;cytiva.com;dashlabs.app;decaturish.com;dollarsmarkets.com;domainactive.org;dpaste.org;emailable.com;fayettevilleflyer.com;foundationdns.com;foundationdns.net;foundationdns.org;gdespaces.net;gorbe.ninja;gov.ua;hemi.xyz;hennepinhealthcare.org;hostup.se;informadns.com;kinotam.org;kitdns.no;kyonix.com;larchmontbuzz.com;nmindepth.com;racunalo.com;reciprocity.com;rspnet.jp;salla.cloud;seized.gov;sequencing.com;spaces.ru;spcs.bio;ssnc.cloud;strip2.club;strip2.in;thebedfordcitizen.org;thelansingjournal.com;thisisreno.com;tinyurl.com;topfrags.pl;toshiba-europe.com;tylerobrien.dev;ubmdns.com;upbet.com;viralporn.com;wausaupilotandreview.com;wuppertal.de;yandexcloud.net;zaltv.com,255037
2025-02-17,157758,9581,6.073226080452338,157520,238,0,0,False,76898102.xyz;aleoscan.io;batesvilletechnology.com;bignet.id;bitcoinmagazine.com;chaika.me;click.press;co.id;columbusunderground.com;county10.com;cytiva.com;dashlabs.app;decaturish.com;dollarsmarkets.com;domainactive.org;dpaste.org;emailable.com;fayettevilleflyer.com;foundationdns.com;foundationdns.net;foundationdns.org;gdespaces.net;gorbe.ninja;gov.ua;hemi.xyz;hennepinhealthcare.org;hostup.se;informadns.com;kinotam.org;kitdns.no;kyonix.com;larchmontbuzz.com;nmindepth.com;racunalo.com;reciprocity.com;rspnet.jp;salla.cloud;seized.gov;sequencing.com;spaces.ru;spcs.bio;ssnc.cloud;strip2.club;strip2.in;thebedfordcitizen.org;thelansingjournal.com;thisisreno.com;timeweb.org;timeweb.ru;tinyurl.com;topfrags.pl;toshiba-europe.com;tylerobrien.dev;ubmdns.com;upbet.com;viralporn.com;wausaupilotandreview.com;wuppertal.de;yandexcloud.net;zaltv.com,255683
2025-02-18,157865,9581,6.0691096823235045,157628,236,0,1,False,76898102.xyz;aleoscan.io;batesvilletechnology.com;bignet.id;bitcoinmagazine.com;chaika.me;click.press;co.id;columbusunderground.com;county10.com;cytiva.com;dashlabs.app;decaturish.com;dollarsmarkets.com;domainactive.org;dpaste.org;emailable.com;fayettevilleflyer.com;foundationdns.com;foundationdns.net;foundationdns.org;gdespaces.net;gorbe.ninja;gov.ua;hemi.xyz;hennepinhealthcare.org;hostup.se;informadns.com;kinotam.org;kitdns.no;kyonix.com;larchmontbuzz.com;nmindepth.com;racunalo.com;reciprocity.com;rspnet.jp;salla.cloud;seized.gov;sequencing.com;spaces.ru;spcs.bio;ssnc.cloud;strip2.club;strip2.in;thebedfordcitizen.org;thelansingjournal.com;thisisreno.com;tinyurl.com;topfrags.pl;toshiba-europe.com;tylerobrien.dev;ubmdns.com;upbet.com;viralporn.com;wausaupilotandreview.com;wuppertal.de;yandexcloud.net;zaltv.com,255890
2025-02-19,151619,9682,6.385743211602768,151392,226,0,1,False,76898102.xyz;aleoscan.io;batesvilletechnology.com;bignet.id;bitcoinmagazine.com;chaika.me;click.press;co.id;columbusunderground.com;county10.com;cytiva.com;dashlabs.app;decaturish.com;dollarsmarkets.com;domainactive.org;dpaste.org;emailable.com;fayettevilleflyer.com;foundationdns.com;foundationdns.net;foundationdns.org;gdespaces.net;gorbe.ninja;gov.ua;hemi.xyz;hennepinhealthcare.org;hostup.se;informadns.com;kinotam.org;kitdns.no;kyonix.com;larchmontbuzz.com;nmindepth.com;racunalo.com;reciprocity.com;rspnet.jp;salla.cloud;seized.gov;sequencing.com;spaces.ru;spcs.bio;ssnc.cloud;strip2.club;strip2.in;thebedfordcitizen.org;thelansingjournal.com;thisisreno.com;tinyurl.com;topfrags.pl;toshiba-europe.com;tylerobrien.dev;ubmdns.com;upbet.com;viralporn.com;wausaupilotandreview.com;wuppertal.de;yandexcloud.net;zaltv.com,248178
2025-02-20,149177,9736,6.526475260931646,148944,230,0,3,False,76898102.xyz;aleoscan.io;batesvilletechnology.com;bignet.id;bitcoinmagazine.com;chaika.me;click.press;co.id;columbusunderground.com;county10.com;cytiva.com;dashlabs.app;decaturish.com;dollarsmarkets.com;domainactive.org;dpaste.org;emailable.com;fayettevilleflyer.com;foundationdns.com;foundationdns.net;foundationdns.org;gcdn.services;gcorelabs.net;gdespaces.net;globaldomainserver.net;gorbe.ninja;gov.ua;hemi.xyz;hennepinhealthcare.org;hostup.se;informadns.com;kinotam.org;kitdns.no;kyonix.com;larchmontbuzz.com;nmindepth.com;racunalo.com;reciprocity.com;rspnet.jp;salla.cloud;seized.gov;sequencing.com;spaces.ru;spcs.bio;ssnc.cloud;strip2.club;strip2.in;thebedfordcitizen.org;thelansingjournal.com;thisisreno.com;tinyurl.com;topfrags.pl;toshiba-europe.com;tylerobrien.dev;ubmdns.com;upbet.com;viralporn.com;wausaupilotandreview.com;wuppertal.de;yandexcloud.net;zaltv.com,245191
2025-02-21,149167,9752,6.537639022035704,148938,229,0,0,False,76898102.xyz;aleoscan.io;batesvilletechnology.com;bignet.id;bitcoinmagazine.com;chaika.me;click.press;co.id;columbusunderground.com;county10.com;cytiva.com;dashlabs.app;decaturish.com;dollarsmarkets.com;domainactive.org;dpaste.org;emailable.com;fayettevilleflyer.com;foundationdns.com;foundationdns.net;foundationdns.org;gcdn.services;gcorelabs.net;gdespaces.net;globaldomainserver.net;gorbe.ninja;gov.ua;hemi.xyz;hennepinhealthcare.org;informadns.com;kinotam.org;kitdns.no;kyonix.com;larchmontbuzz.com;nmindepth.com;racunalo.com;reciprocity.com;registrar-servers.com;rspnet.jp;salla.cloud;seized.gov;sequencing.com;spaces.ru;spcs.bio;ssnc.cloud;strip2.club;strip2.in;thebedfordcitizen.org;thelansingjournal.com;thisisreno.com;tinyurl.com;topfrags.pl;toshiba-europe.com;tylerobrien.dev;ubmdns.com;upbet.com;viralporn.com;wausaupilotandreview.com;wuppertal.de;yandexcloud.net;zaltv.com,245424
2025-02-22,149198,9732,6.522875641764634,148967,230,0,1,False,76898102.xyz;aleoscan.io;batesvilletechnology.com;bignet.id;bitcoinmagazine.com;chaika.me;click.press;co.id;columbusunderground.com;county10.com;cytiva.com;dashlabs.app;decaturish.com;dollarsmarkets.com;domainactive.org;dpaste.org;emailable.com;fayettevilleflyer.com;foundationdns.com;foundationdns.net;foundationdns.org;gcdn.services;gcorelabs.net;gdespaces.net;globaldomainserver.net;gorbe.ninja;gov.ua;hemi.xyz;hennepinhealthcare.org;informadns.com;kinotam.org;kitdns.no;kyonix.com;larchmontbuzz.com;nmindepth.com;racunalo.com;reciprocity.com;rspnet.jp;salla.cloud;seized.gov;sequencing.com;spaces.ru;spcs.bio;ssnc.cloud;strip2.club;strip2.in;thebedfordcitizen.org;thelansingjournal.com;thisisreno.com;tinyurl.com;topfrags.pl;toshiba-europe.com;tylerobrien.dev;ubmdns.com;upbet.com;viralporn.com;wausaupilotandreview.com;wuppertal.de;yandexcloud.net;zaltv.com,245844
2025-02-23,149337,9730,6.51546502206419,149108,229,0,0,False,76898102.xyz;aleoscan.io;batesvilletechnology.com;bignet.id;bitcoinmagazine.com;chaika.me;click.press;co.id;columbusunderground.com;county10.com;cytiva.com;dashlabs.app;decaturish.com;dollarsmarkets.com;domainactive.org;dpaste.org;emailable.com;fayettevilleflyer.com;foundationdns.com;foundationdns.net;foundationdns.org;gdespaces.net;globaldomainserver.net;gorbe.ninja;gov.ua;hemi.xyz;hennepinhealthcare.org;informadns.com;kinotam.org;kitdns.no;kyonix.com;larchmontbuzz.com;nmindepth.com;racunalo.com;reciprocity.com;salla.cloud;seized.gov;sequencing.com;spaces.ru;spcs.bio;ssnc.cloud;strip2.club;strip2.in;thebedfordcitizen.org;thelansingjournal.com;thisisreno.com;tinyurl.com;topfrags.pl;toshiba-europe.com;tylerobrien.dev;ubmdns.com;upbet.com;viralporn.com;wausaupilotandreview.com;wuppertal.de;yandexcloud.net;zaltv.com,245842
2025-02-24,149448,9724,6.5066109951287405,149221,227,0,0,False,76898102.xyz;aleoscan.io;batesvilletechnology.com;bignet.id;bitcoinmagazine.com;chaika.me;click.press;co.id;columbusunderground.com;county10.com;cytiva.com;dashlabs.app;decaturish.com;domainactive.org;dpaste.org;emailable.com;fayettevilleflyer.com;foundationdns.com;foundationdns.net;foundationdns.org;gdespaces.net;globaldomainserver.net;gorbe.ninja;gov.ua;hemi.xyz;hennepinhealthcare.org;informadns.com;kinotam.org;kitdns.no;kyonix.com;larchmontbuzz.com;nmindepth.com;racunalo.com;reciprocity.com;salla.cloud;seized.gov;sequencing.com;spaces.ru;spcs.bio;ssnc.cloud;strip2.club;strip2.in;thebedfordcitizen.org;thelansingjournal.com;thisisreno.com;tinyurl.com;topfrags.pl;toshiba-europe.com;tylerobrien.dev;ubmdns.com;upbet.com;viralporn.com;wausaupilotandreview.com;wuppertal.de;yandexcloud.net;zaltv.com,245811
2025-02-25,149126,9725,6.521330955031315,148902,223,0,1,False,76898102.xyz;aleoscan.io;batesvilletechnology.com;bignet.id;bitcoinmagazine.com;chaika.me;click.press;co.id;columbusunderground.com;county10.com;cytiva.com;dashlabs.app;decaturish.com;domainactive.org;dpaste.org;emailable.com;fayettevilleflyer.com;foundationdns.com;foundationdns.net;foundationdns.org;gdespaces.net;globaldomainserver.net;gorbe.ninja;gov.ua;hemi.xyz;hennepinhealthcare.org;informadns.com;kinotam.org;kitdns.no;kyonix.com;larchmontbuzz.com;nmindepth.com;racunalo.com;reciprocity.com;salla.cloud;seized.gov;sequencing.com;spaces.ru;spcs.bio;ssnc.cloud;strip2.club;strip2.in;thebedfordcitizen.org;thelansingjournal.com;thisisreno.com;tinyurl.com;topfrags.pl;toshiba-europe.com;tylerobrien.dev;ubmdns.com;upbet.com;viralporn.com;wausaupilotandreview.com;wuppertal.de;yandexcloud.net;zaltv.com,246025
2025-02-26,148162,9714,6.5563369824921365,147942,219,0,1,False,76898102.xyz;aleoscan.io;batesvilletechnology.com;bignet.id;bitcoinmagazine.com;chaika.me;click.press;co.id;columbusunderground.com;county10.com;cytiva.com;dashlabs.app;decaturish.com;domainactive.org;dpaste.org;emailable.com;fayettevilleflyer.com;foundationdns.com;foundationdns.net;foundationdns.org;gdespaces.net;globaldomainserver.net;gorbe.ninja;gov.ua;hemi.xyz;hennepinhealthcare.org;informadns.com;kinotam.org;kitdns.no;kyonix.com;larchmontbuzz.com;nmindepth.com;racunalo.com;reciprocity.com;rspnet.jp;salla.cloud;seized.gov;sequencing.com;spaces.ru;spcs.bio;ssnc.cloud;strip2.club;strip2.in;thebedfordcitizen.org;thelansingjournal.com;thisisreno.com;tinyurl.com;topfrags.pl;toshiba-europe.com;tylerobrien.dev;ubmdns.com;upbet.com;viralporn.com;wausaupilotandreview.com;wuppertal.de;yandexcloud.net;zaltv.com,246136
2025-02-27,0,0,,0,0,0,0,,none,0
2025-02-28,148572,9764,6.571897800393075,148305,267,0,0,False,76898102.xyz;aleoscan.io;batesvilletechnology.com;bigcommerce.com;bignet.id;bitcoinmagazine.com;chaika.me;click.press;co.id;columbusunderground.com;county10.com;cytiva.com;dashlabs.app;decaturish.com;domainactive.org;dpaste.org;emailable.com;fayettevilleflyer.com;foundationdns.com;foundationdns.net;foundationdns.org;gdespaces.net;globaldomainserver.net;gorbe.ninja;gov.ua;hemi.xyz;hennepinhealthcare.org;informadns.com;kinotam.org;kitdns.no;kyonix.com;larchmontbuzz.com;nmindepth.com;racunalo.com;reciprocity.com;rspnet.jp;salla.cloud;seized.gov;sequencing.com;spaces.ru;spcs.bio;ssnc.cloud;strip2.club;strip2.in;thebedfordcitizen.org;thelansingjournal.com;thisisreno.com;tinyurl.com;topfrags.pl;toshiba-europe.com;tylerobrien.dev;ubmdns.com;upbet.com;viralporn.com;wausaupilotandreview.com;wuppertal.de;yandexcloud.net;zaltv.com,245669
2025-03-01,148528,9749,6.563745556393408,148259,267,0,2,False,76898102.xyz;aleoscan.io;batesvilletechnology.com;bignet.id;bitcoinmagazine.com;chaika.me;click.press;co.id;columbusunderground.com;county10.com;cytiva.com;dashlabs.app;decaturish.com;domainactive.org;dpaste.org;emailable.com;fayettevilleflyer.com;foundationdns.com;foundationdns.net;foundationdns.org;gdespaces.net;globaldomainserver.net;gorbe.ninja;gov.ua;hemi.xyz;hennepinhealthcare.org;informadns.com;kinotam.org;kitdns.no;kyonix.com;larchmontbuzz.com;nmindepth.com;racunalo.com;reciprocity.com;rspnet.jp;salla.cloud;seized.gov;sequencing.com;spaces.ru;spcs.bio;ssnc.cloud;strip2.club;strip2.in;thebedfordcitizen.org;thelansingjournal.com;thisisreno.com;tinyurl.com;topfrags.pl;toshiba-europe.com;tylerobrien.dev;ubmdns.com;upbet.com;viralporn.com;wausaupilotandreview.com;wuppertal.de;yandexcloud.net;zaltv.com,245726
2025-03-02,148584,9744,6.557906638669035,148316,267,0,1,False,76898102.xyz;aleoscan.io;batesvilletechnology.com;bignet.id;bitcoinmagazine.com;chaika.me;click.press;co.id;columbusunderground.com;county10.com;cytiva.com;dashlabs.app;decaturish.com;domainactive.org;dpaste.org;emailable.com;fayettevilleflyer.com;foundationdns.com;foundationdns.net;foundationdns.org;gdespaces.net;globaldomainserver.net;gorbe.ninja;gov.ua;hemi.xyz;hennepinhealthcare.org;informadns.com;kinotam.org;kitdns.no;kyonix.com;larchmontbuzz.com;nmindepth.com;racunalo.com;reciprocity.com;rspnet.jp;salla.cloud;seized.gov;sequencing.com;spaces.ru;spcs.bio;ssnc.cloud;strip2.club;strip2.in;thebedfordcitizen.org;thelansingjournal.com;thisisreno.com;tinyurl.com;topfrags.pl;toshiba-europe.com;tylerobrien.dev;ubmdns.com;upbet.com;viralporn.com;wausaupilotandreview.com;wuppertal.de;yandexcloud.net;zaltv.com,245628
2025-03-03,0,0,,0,0,0,0,,none,0
2025-03-04,149263,9752,6.533434273731602,148994,268,0,1,False,76898102.xyz;aleoscan.io;batesvilletechnology.com;bignet.id;bitcoinmagazine.com;chaika.me;click.press;co.id;columbusunderground.com;county10.com;cytiva.com;dashlabs.app;decaturish.com;domainactive.org;dpaste.org;emailable.com;fayettevilleflyer.com;foundationdns.com;foundationdns.net;foundationdns.org;gdespaces.net;globaldomainserver.net;gorbe.ninja;gov.ua;hemi.xyz;hennepinhealthcare.org;informadns.com;kinotam.org;kitdns.no;kyonix.com;larchmontbuzz.com;nmindepth.com;racunalo.com;reciprocity.com;rspnet.jp;salla.cloud;seized.gov;sequencing.com;spaces.ru;spcs.bio;ssnc.cloud;strip2.club;strip2.in;thebedfordcitizen.org;thelansingjournal.com;thisisreno.com;tinyurl.com;topfrags.pl;toshiba-europe.com;tylerobrien.dev;ubmdns.com;upbet.com;viralporn.com;wausaupilotandreview.com;wuppertal.de;yandexcloud.net;zaltv.com,246256
2025-03-05,149973,9746,6.498503063884832,149692,280,0,1,False,76898102.xyz;aleoscan.io;batesvilletechnology.com;bignet.id;bitcoinmagazine.com;chaika.me;click.press;co.id;columbusunderground.com;county10.com;cytiva.com;dashlabs.app;decaturish.com;domainactive.org;dpaste.org;emailable.com;fayettevilleflyer.com;foundationdns.com;foundationdns.net;foundationdns.org;gdespaces.net;gorbe.ninja;gov.ua;hemi.xyz;hennepinhealthcare.org;informadns.com;kinotam.org;kitdns.no;kyonix.com;larchmontbuzz.com;nmindepth.com;racunalo.com;reciprocity.com;rspnet.jp;salla.cloud;seized.gov;sequencing.com;spaces.ru;spcs.bio;ssnc.cloud;strip2.club;strip2.in;thebedfordcitizen.org;thelansingjournal.com;thisisreno.com;tinyurl.com;topfrags.pl;toshiba-europe.com;tylerobrien.dev;ubmdns.com;upbet.com;viralporn.com;wausaupilotandreview.com;wuppertal.de;yandexcloud.net;zaltv.com,247205
2025-03-06,156038,9669,6.196567502787782,155742,295,0,1,False,76898102.xyz;aleoscan.io;batesvilletechnology.com;bignet.id;bitcoinmagazine.com;chaika.me;click.press;co.id;columbusunderground.com;county10.com;cytiva.com;dashlabs.app;decaturish.com;domainactive.org;dpaste.org;emailable.com;fayettevilleflyer.com;flwc.cc;foundationdns.com;foundationdns.net;foundationdns.org;gdespaces.net;gorbe.ninja;gov.ua;hemi.xyz;hennepinhealthcare.org;informadns.com;kinotam.org;kitdns.no;kyonix.com;larchmontbuzz.com;nmindepth.com;racunalo.com;reciprocity.com;rspnet.jp;salla.cloud;scn.pw;seized.gov;sequencing.com;spaces.ru;spcs.bio;ssnc.cloud;strip2.club;strip2.in;thebedfordcitizen.org;thelansingjournal.com;thisisreno.com;tinyurl.com;topfrags.pl;toshiba-europe.com;tylerobrien.dev;ubmdns.com;upbet.com;viralporn.com;wausaupilotandreview.com;wuppertal.de;yandexcloud.net;zaltv.com,254408
2025-03-07,156029,9684,6.2065385280941365,155733,296,0,0,False,76898102.xyz;aleoscan.io;batesvilletechnology.com;bignet.id;bitcoinmagazine.com;chaika.me;click.press;co.id;columbusunderground.com;county10.com;cytiva.com;dashlabs.app;decaturish.com;domainactive.org;dpaste.org;emailable.com;fayettevilleflyer.com;flwc.cc;foundationdns.com;foundationdns.net;foundationdns.org;gdespaces.net;gorbe.ninja;gov.ua;hemi.xyz;hennepinhealthcare.org;informadns.com;kinotam.org;kitdns.no;kyonix.com;larchmontbuzz.com;nmindepth.com;racunalo.com;reciprocity.com;rspnet.jp;salla.cloud;scn.pw;seized.gov;sequencing.com;spaces.ru;spcs.bio;srv-console.com;ssnc.cloud;strip2.club;strip2.in;thebedfordcitizen.org;thelansingjournal.com;thisisreno.com;tinyurl.com;topfrags.pl;toshiba-europe.com;tylerobrien.dev;ubmdns.com;upbet.com;viralporn.com;wausaupilotandreview.com;wuppertal.de;yandexcloud.net;zaltv.com,254624
2025-03-08,155023,9688,6.249395251027267,154733,289,0,1,False,76898102.xyz;batesvilletechnology.com;bignet.id;bitcoinmagazine.com;chaika.me;click.press;co.id;columbusunderground.com;county10.com;cytiva.com;dashlabs.app;decaturish.com;domainactive.org;dpaste.org;emailable.com;fayettevilleflyer.com;flwc.cc;foundationdns.com;foundationdns.net;foundationdns.org;gdespaces.net;gorbe.ninja;gov.ua;hemi.xyz;hennepinhealthcare.org;informadns.com;kinotam.org;kitdns.no;kyonix.com;larchmontbuzz.com;nmindepth.com;racunalo.com;reciprocity.com;rspnet.jp;salla.cloud;seized.gov;sequencing.com;spaces.ru;spcs.bio;ssnc.cloud;strip2.club;strip2.in;thebedfordcitizen.org;thelansingjournal.com;thisisreno.com;tinyurl.com;toshiba-europe.com;tylerobrien.dev;ubmdns.com;upbet.com;viralporn.com;wausaupilotandreview.com;wuppertal.de;yandexcloud.net;zaltv.com,253549
2025-03-09,155075,9673,6.23762695469934,154785,289,0,1,False,76898102.xyz;batesvilletechnology.com;bignet.id;bitcoinmagazine.com;chaika.me;click.press;co.id;columbusunderground.com;county10.com;cytiva.com;dashlabs.app;decaturish.com;domainactive.org;dpaste.org;emailable.com;fayettevilleflyer.com;flwc.cc;foundationdns.com;foundationdns.net;foundationdns.org;gdespaces.net;gorbe.ninja;gov.ua;hemi.xyz;hennepinhealthcare.org;informadns.com;kinotam.org;kitdns.no;kyonix.com;larchmontbuzz.com;nmindepth.com;racunalo.com;reciprocity.com;rspnet.jp;salla.cloud;seized.gov;sequencing.com;spaces.ru;spcs.bio;ssnc.cloud;strip2.club;strip2.in;thebedfordcitizen.org;thelansingjournal.com;thisisreno.com;tinyurl.com;toshiba-europe.com;tylerobrien.dev;ubmdns.com;upbet.com;viralporn.com;wausaupilotandreview.com;wuppertal.de;yandexcloud.net;zaltv.com,253285
2025-03-10,155033,9678,6.242541910431973,154744,288,0,1,False,76898102.xyz;batesvilletechnology.com;bignet.id;bitcoinmagazine.com;chaika.me;click.press;co.id;columbusunderground.com;county10.com;cytiva.com;dashlabs.app;decaturish.com;domainactive.org;dpaste.org;emailable.com;fayettevilleflyer.com;flwc.cc;foundationdns.com;foundationdns.net;foundationdns.org;gdespaces.net;gorbe.ninja;gov.ua;hemi.xyz;hennepinhealthcare.org;informadns.com;kinotam.org;kitdns.no;kyonix.com;larchmontbuzz.com;nmindepth.com;racunalo.com;reciprocity.com;rspnet.jp;salla.cloud;seized.gov;sequencing.com;spaces.ru;spcs.bio;ssnc.cloud;strip2.club;strip2.in;thebedfordcitizen.org;thelansingjournal.com;thisisreno.com;tinyurl.com;toshiba-europe.com;tylerobrien.dev;ubmdns.com;upbet.com;viralporn.com;wausaupilotandreview.com;wuppertal.de;yandexcloud.net;zaltv.com,253203
2025-03-11,154312,9664,6.262636735963502,154021,290,0,1,False,76898102.xyz;batesvilletechnology.com;bignet.id;bitcoinmagazine.com;chaika.me;click.press;co.id;columbusunderground.com;county10.com;cytiva.com;dashlabs.app;decaturish.com;domainactive.org;dpaste.org;dreamhost.com;emailable.com;fayettevilleflyer.com;flwc.cc;foundationdns.com;foundationdns.net;foundationdns.org;gdespaces.net;gorbe.ninja;gov.ua;hemi.xyz;hennepinhealthcare.org;informadns.com;kinotam.org;kitdns.no;kyonix.com;larchmontbuzz.com;nmindepth.com;racunalo.com;reciprocity.com;rspnet.jp;salla.cloud;seized.gov;sequencing.com;spaces.ru;spcs.bio;ssnc.cloud;strip2.club;strip2.in;thebedfordcitizen.org;thelansingjournal.com;thisisreno.com;tinyurl.com;toshiba-europe.com;tylerobrien.dev;ubmdns.com;upbet.com;viralporn.com;wausaupilotandreview.com;wuppertal.de;yandexcloud.net;zaltv.com,252466
2025-03-13,154629,9650,6.240743974286842,154340,288,0,1,False,76898102.xyz;batesvilletechnology.com;bignet.id;bitcoinmagazine.com;chaika.me;click.press;co.id;columbusunderground.com;county10.com;cytiva.com;dashlabs.app;decaturish.com;domainactive.org;dpaste.org;emailable.com;fayettevilleflyer.com;flwc.cc;foundationdns.com;foundationdns.net;foundationdns.org;gdespaces.net;gorbe.ninja;gov.ua;hemi.xyz;hennepinhealthcare.org;informadns.com;kinotam.org;kitdns.no;kyonix.com;larchmontbuzz.com;midwestcards.com;nmindepth.com;racunalo.com;reciprocity.com;rspnet.jp;salla.cloud;seized.gov;sequencing.com;spaces.ru;spcs.bio;ssnc.cloud;strip2.club;strip2.in;thebedfordcitizen.org;thelansingjournal.com;thisisreno.com;tinyurl.com;toshiba-europe.com;tylerobrien.dev;ubmdns.com;upbet.com;viralporn.com;wausaupilotandreview.com;wuppertal.de;yandexcloud.net;zaltv.com,253135
2025-03-14,0,0,,0,0,0,0,,none,0
2025-03-15,154782,9643,6.230052590094456,154492,288,0,2,False,76898102.xyz;batesvilletechnology.com;bignet.id;bitcoinmagazine.com;chaika.me;click.press;co.id;columbusunderground.com;county10.com;cytiva.com;dashlabs.app;decaturish.com;domainactive.org;dpaste.org;emailable.com;fayettevilleflyer.com;flwc.cc;foundationdns.com;foundationdns.net;foundationdns.org;gdespaces.net;gorbe.ninja;gov.ua;hemi.xyz;hennepinhealthcare.org;informadns.com;kinotam.org;kitdns.no;kyonix.com;larchmontbuzz.com;midwestcards.com;nmindepth.com;racunalo.com;reciprocity.com;rspnet.jp;salla.cloud;seized.gov;sequencing.com;spaces.ru;spcs.bio;ssnc.cloud;strip2.club;strip2.in;thebedfordcitizen.org;thelansingjournal.com;thisisreno.com;tinyurl.com;toshiba-europe.com;tylerobrien.dev;ubmdns.com;upbet.com;viralporn.com;wausaupilotandreview.com;wuppertal.de;yandexcloud.net;zaltv.com,254048
2025-03-16,155050,9655,6.227023540793293,154761,289,0,0,False,76898102.xyz;batesvilletechnology.com;bignet.id;bitcoinmagazine.com;chaika.me;click.press;co.id;columbusunderground.com;county10.com;cytiva.com;dashlabs.app;decaturish.com;domainactive.org;dpaste.org;dpbossss.services;emailable.com;fayettevilleflyer.com;flwc.cc;foundationdns.com;foundationdns.net;foundationdns.org;gdespaces.net;gorbe.ninja;gov.ua;hemi.xyz;hennepinhealthcare.org;informadns.com;kinotam.org;kitdns.no;kyonix.com;larchmontbuzz.com;midwestcards.com;nmindepth.com;racunalo.com;reciprocity.com;rspnet.jp;salla.cloud;seized.gov;sequencing.com;spaces.ru;spboss.in;spcs.bio;ssnc.cloud;strip2.club;strip2.in;thebedfordcitizen.org;thelansingjournal.com;thisisreno.com;tinyurl.com;toshiba-europe.com;tylerobrien.dev;ubmdns.com;upbet.com;viralporn.com;wausaupilotandreview.com;wuppertal.de;yandexcloud.net;zaltv.com,254052
2025-03-17,155582,9661,6.209587227314214,155294,288,0,0,False,76898102.xyz;batesvilletechnology.com;bignet.id;bitcoinmagazine.com;chaika.me;click.press;co.id;columbusunderground.com;county10.com;cytiva.com;dashlabs.app;decaturish.com;domainactive.org;dpaste.org;dpbossss.services;emailable.com;fayettevilleflyer.com;flwc.cc;foundationdns.com;foundationdns.net;foundationdns.org;gdespaces.net;gorbe.ninja;gov.ua;hemi.xyz;hennepinhealthcare.org;informadns.com;kinotam.org;kitdns.no;kyonix.com;larchmontbuzz.com;midwestcards.com;nmindepth.com;racunalo.com;reciprocity.com;rspnet.jp;salla.cloud;seized.gov;sequencing.com;spaces.ru;spboss.in;spcs.bio;ssnc.cloud;strip2.club;strip2.in;thebedfordcitizen.org;thelansingjournal.com;thisisreno.com;tinyurl.com;toshiba-europe.com;tylerobrien.dev;ubmdns.com;upbet.com;viralporn.com;wausaupilotandreview.com;wuppertal.de;yandexcloud.net;zaltv.com,254609
2025-03-18,155684,9668,6.2100151589116415,155394,290,0,0,False,76898102.xyz;batesvilletechnology.com;bignet.id;bitcoinmagazine.com;chabadonline.com;chaika.me;click.press;co.id;columbusunderground.com;county10.com;cytiva.com;dashlabs.app;decaturish.com;domainactive.org;dpaste.org;dpbossss.services;emailable.com;fayettevilleflyer.com;flwc.cc;foundationdns.com;foundationdns.net;foundationdns.org;gdespaces.net;gorbe.ninja;gov.ua;hemi.xyz;hennepinhealthcare.org;informadns.com;kinotam.org;kitdns.no;kyonix.com;larchmontbuzz.com;midwestcards.com;nmindepth.com;racunalo.com;reciprocity.com;rspnet.jp;salla.cloud;seized.gov;sequencing.com;spaces.ru;spboss.in;spcs.bio;ssnc.cloud;strip2.club;strip2.in;thebedfordcitizen.org;thelansingjournal.com;thisisreno.com;tinyurl.com;toshiba-europe.com;tylerobrien.dev;ubmdns.com;upbet.com;viralporn.com;wausaupilotandreview.com;wuppertal.de;yandexcloud.net;zaltv.com,255021
2025-03-19,0,0,,0,0,0,0,,none,0
2025-03-20,149104,9790,6.565886897735809,148819,285,0,0,False,76898102.xyz;batesvilletechnology.com;bignet.id;bitcoinmagazine.com;chabadonline.com;chaika.me;click.press;co.id;columbusunderground.com;county10.com;cytiva.com;dashlabs.app;decaturish.com;domainactive.org;dpaste.org;dpbossss.services;emailable.com;fayettevilleflyer.com;flwc.cc;foundationdns.com;foundationdns.net;foundationdns.org;gdespaces.net;gorbe.ninja;gov.ua;hemi.xyz;hennepinhealthcare.org;informadns.com;kinotam.org;kitdns.no;kyonix.com;larchmontbuzz.com;midwestcards.com;nmindepth.com;racunalo.com;reciprocity.com;rspnet.jp;salla.cloud;seized.gov;sequencing.com;spaces.ru;spboss.in;spcs.bio;ssnc.cloud;strip2.club;strip2.in;thebedfordcitizen.org;thelansingjournal.com;thisisreno.com;tinyurl.com;toshiba-europe.com;tylerobrien.dev;ubmdns.com;upbet.com;viralporn.com;wausaupilotandreview.com;wuppertal.de;yandexcloud.net;zaltv.com,246696
2025-03-21,148974,9772,6.559533878394888,148691,283,0,0,False,76898102.xyz;batesvilletechnology.com;bignet.id;bitcoinmagazine.com;chabadonline.com;chaika.me;click.press;co.id;columbusunderground.com;county10.com;cytiva.com;dashlabs.app;decaturish.com;domainactive.org;dpaste.org;dpbossss.services;emailable.com;fayettevilleflyer.com;flwc.cc;foundationdns.com;foundationdns.net;foundationdns.org;gdespaces.net;gorbe.ninja;gov.ua;hemi.xyz;hennepinhealthcare.org;informadns.com;kinotam.org;kitdns.no;kyonix.com;larchmontbuzz.com;midwestcards.com;nmindepth.com;racunalo.com;reciprocity.com;rspnet.jp;salla.cloud;seized.gov;sequencing.com;spaces.ru;spboss.in;spcs.bio;ssnc.cloud;strip2.club;strip2.in;thebedfordcitizen.org;thelansingjournal.com;thisisreno.com;tinyurl.com;toshiba-europe.com;tylerobrien.dev;ubmdns.com;upbet.com;viralporn.com;wausaupilotandreview.com;wuppertal.de;yandexcloud.net;zaltv.com,246861
2025-03-22,0,0,,0,0,0,0,,none,0
2025-03-23,149187,9798,6.567596372338072,148897,290,0,0,False,76898102.xyz;batesvilletechnology.com;bignet.id;bitcoinmagazine.com;chabadonline.com;chaika.me;click.press;co.id;columbusunderground.com;county10.com;cytiva.com;dashlabs.app;decaturish.com;domainactive.org;dpaste.org;dpbossss.services;emailable.com;fayettevilleflyer.com;flwc.cc;foundationdns.com;foundationdns.net;foundationdns.org;gdespaces.net;gorbe.ninja;gov.ua;hemi.xyz;hennepinhealthcare.org;informadns.com;kinotam.org;kitdns.no;kyonix.com;larchmontbuzz.com;lo.cafe;maymobility.com;midwestcards.com;nmindepth.com;racunalo.com;reciprocity.com;redable.nl;rspnet.jp;salla.cloud;seized.gov;sequencing.com;spaces.ru;spboss.in;spcs.bio;ssnc.cloud;strip2.club;strip2.in;thebedfordcitizen.org;thelansingjournal.com;thisisreno.com;tinyurl.com;toshiba-europe.com;tylerobrien.dev;ubmdns.com;upbet.com;viralporn.com;wausaupilotandreview.com;wuppertal.de;yandexcloud.net;zaltv.com,246926
2025-03-24,149377,9803,6.562589956954551,149085,292,0,0,False,76898102.xyz;alphadnszone.com;batesvilletechnology.com;bignet.id;bitcoinmagazine.com;chabadonline.com;chaika.me;click.press;co.id;columbusunderground.com;county10.com;cytiva.com;dashlabs.app;decaturish.com;domainactive.org;dpaste.org;dpbossss.services;emailable.com;fayettevilleflyer.com;flwc.cc;foundationdns.com;foundationdns.net;foundationdns.org;gdespaces.net;gorbe.ninja;gov.ua;hemi.xyz;hennepinhealthcare.org;informadns.com;kinotam.org;kitdns.no;kyonix.com;larchmontbuzz.com;lescasinosenligne.ca;lo.cafe;maymobility.com;midwestcards.com;nmindepth.com;racunalo.com;reciprocity.com;redable.nl;rspnet.jp;salla.cloud;seized.gov;sequencing.com;spaces.ru;spboss.in;spcs.bio;ssnc.cloud;strip2.club;strip2.in;thebedfordcitizen.org;thelansingjournal.com;thisisreno.com;tinyurl.com;toshiba-europe.com;tylerobrien.dev;ubmdns.com;upbet.com;viralporn.com;wausaupilotandreview.com;wuppertal.de;yandexcloud.net;zaltv.com,247129
2025-03-25,148949,9810,6.586146936199638,148659,288,1,1,False,76898102.xyz;batesvilletechnology.com;bignet.id;bitcoinmagazine.com;chabadonline.com;chaika.me;click.press;co.id;columbusunderground.com;county10.com;cytiva.com;dashlabs.app;decaturish.com;domainactive.org;dpaste.org;dpbossss.services;emailable.com;fayettevilleflyer.com;flwc.cc;foundationdns.com;foundationdns.net;foundationdns.org;gdespaces.net;gorbe.ninja;gov.ua;hemi.xyz;hennepinhealthcare.org;informadns.com;kinotam.org;kitdns.no;kyonix.com;larchmontbuzz.com;lescasinosenligne.ca;lo.cafe;maymobility.com;midwestcards.com;nmindepth.com;racunalo.com;reciprocity.com;redable.nl;rspnet.jp;salla.cloud;secure-webhosting.com;seized.gov;sequencing.com;spaces.ru;spboss.in;spcs.bio;ssnc.cloud;strip2.club;strip2.in;thebedfordcitizen.org;thelansingjournal.com;thisisreno.com;tinyurl.com;toshiba-europe.com;tylerobrien.dev;ubmdns.com;ultradns.biz;ultradns.com;ultradns.net;ultradns.org;upbet.com;viralporn.com;wausaupilotandreview.com;wuppertal.de;yandexcloud.net;zaltv.com,247606
2025-03-26,148260,9821,6.624173748819641,147983,275,1,1,False,76898102.xyz;awsdns-27.net;awsdns-36.com;awsdns-55.org;batesvilletechnology.com;bignet.id;bitcoinmagazine.com;chaika.me;click.press;co.id;co.uk;columbusunderground.com;county10.com;cytiva.com;dashlabs.app;decaturish.com;domainactive.org;dpaste.org;dpbossss.services;emailable.com;fayettevilleflyer.com;flwc.cc;foundationdns.com;foundationdns.net;foundationdns.org;gdespaces.net;gorbe.ninja;gov.ua;hemi.xyz;hennepinhealthcare.org;informadns.com;kinotam.org;kitdns.no;kyonix.com;larchmontbuzz.com;lescasinosenligne.ca;lo.cafe;maymobility.com;midwestcards.com;nmindepth.com;racunalo.com;reciprocity.com;redable.nl;rspnet.jp;salla.cloud;seized.gov;sequencing.com;spaces.ru;spboss.in;spcs.bio;ssnc.cloud;strip2.club;strip2.in;thebedfordcitizen.org;thelansingjournal.com;thisisreno.com;tinyurl.com;toshiba-europe.com;tylerobrien.dev;ubmdns.com;ultradns.biz;ultradns.com;ultradns.net;ultradns.org;upbet.com;viralporn.com;wausaupilotandreview.com;wuppertal.de;yandexcloud.net;zaltv.com,246635
2025-03-27,149050,9814,6.584367661858437,148762,287,0,1,False,76898102.xyz;awsdns-27.net;awsdns-36.com;awsdns-55.org;batesvilletechnology.com;bignet.id;bitcoinmagazine.com;chaika.me;click.press;co.id;co.uk;columbusunderground.com;county10.com;cytiva.com;dashlabs.app;decaturish.com;domainactive.org;dpaste.org;dpbossss.services;emailable.com;fayettevilleflyer.com;flwc.cc;foundationdns.com;foundationdns.net;foundationdns.org;gdespaces.net;gorbe.ninja;gov.ua;hemi.xyz;hennepinhealthcare.org;informadns.com;kinotam.org;kitdns.no;kyonix.com;larchmontbuzz.com;lescasinosenligne.ca;lo.cafe;maymobility.com;midwestcards.com;nmindepth.com;racunalo.com;reciprocity.com;redable.nl;rspnet.jp;salla.cloud;seized.gov;sequencing.com;spaces.ru;spboss.in;spcs.bio;ssnc.cloud;strip2.club;strip2.in;thebedfordcitizen.org;thelansingjournal.com;thisisreno.com;tinyurl.com;toshiba-europe.com;tylerobrien.dev;ubmdns.com;upbet.com;viralporn.com;wausaupilotandreview.com;wuppertal.de;yandexcloud.net;zaltv.com,246965
2025-03-28,149687,9816,6.557683699987307,149388,298,1,0,False,76898102.xyz;batesvilletechnology.com;bignet.id;bitcoinmagazine.com;chaika.me;click.press;co.id;columbusunderground.com;county10.com;cytiva.com;dashlabs.app;decaturish.com;domainactive.org;dpaste.org;dpbossss.services;emailable.com;fayettevilleflyer.com;flwc.cc;foundationdns.com;foundationdns.net;foundationdns.org;gdespaces.net;gorbe.ninja;gov.ua;hemi.xyz;hennepinhealthcare.org;informadns.com;kinotam.org;kitdns.no;kyonix.com;larchmontbuzz.com;lescasinosenligne.ca;lo.cafe;maymobility.com;midwestcards.com;nmindepth.com;racunalo.com;reciprocity.com;redable.nl;rspnet.jp;salla.cloud;sedoparking.com;seized.gov;sequencing.com;spaces.ru;spboss.in;spcs.bio;srv-console.com;ssnc.cloud;strip2.club;strip2.in;thebedfordcitizen.org;thelansingjournal.com;thisisreno.com;tinyurl.com;toshiba-europe.com;tylerobrien.dev;ubmdns.com;ultradns.biz;ultradns.com;ultradns.net;ultradns.org;upbet.com;viralporn.com;wausaupilotandreview.com;wuppertal.de;yandexcloud.net;zaltv.com,247630
2025-03-29,149588,9808,6.556675669171323,149290,296,1,1,False,76898102.xyz;awsdns-27.net;awsdns-36.com;awsdns-55.org;batesvilletechnology.com;bignet.id;bitcoinmagazine.com;chaika.me;click.press;co.id;co.uk;columbusunderground.com;county10.com;cytiva.com;dashlabs.app;decaturish.com;domainactive.org;dpaste.org;dpbossss.services;emailable.com;fayettevilleflyer.com;flwc.cc;foundationdns.com;foundationdns.net;foundationdns.org;gdespaces.net;gorbe.ninja;gov.ua;hemi.xyz;hennepinhealthcare.org;informadns.com;kinotam.org;kitdns.no;kyonix.com;larchmontbuzz.com;lescasinosenligne.ca;lo.cafe;maymobility.com;midwestcards.com;nmindepth.com;racunalo.com;reciprocity.com;redable.nl;rspnet.jp;salla.cloud;seized.gov;sequencing.com;spaces.ru;spboss.in;spcs.bio;ssnc.cloud;strip2.club;strip2.in;thebedfordcitizen.org;thelansingjournal.com;thisisreno.com;tinyurl.com;toshiba-europe.com;tylerobrien.dev;ubmdns.com;ultradns.biz;ultradns.com;ultradns.net;ultradns.org;upbet.com;viralporn.com;wausaupilotandreview.com;wuppertal.de;yandexcloud.net;zaltv.com,247489
2025-03-30,149841,9830,6.560287237805406,149543,297,0,1,False,76898102.xyz;batesvilletechnology.com;bignet.id;bitcoinmagazine.com;chaika.me;click.press;co.id;columbusunderground.com;county10.com;cytiva.com;dashlabs.app;decaturish.com;domainactive.org;dpaste.org;dpbossss.services;emailable.com;fayettevilleflyer.com;flwc.cc;foundationdns.com;foundationdns.net;foundationdns.org;gdespaces.net;gorbe.ninja;gov.ua;hemi.xyz;hennepinhealthcare.org;informadns.com;kinotam.org;kitdns.no;kyonix.com;larchmontbuzz.com;lescasinosenligne.ca;lo.cafe;maymobility.com;midwestcards.com;nmindepth.com;racunalo.com;reciprocity.com;redable.nl;rspnet.jp;salla.cloud;seized.gov;sequencing.com;spaces.ru;spboss.in;spcs.bio;ssnc.cloud;strip2.club;strip2.in;thebedfordcitizen.org;thelansingjournal.com;thisisreno.com;tinyurl.com;toshiba-europe.com;tylerobrien.dev;ubmdns.com;upbet.com;usersporn.com;viralporn.com;wausaupilotandreview.com;wuppertal.de;yandexcloud.net;zaltv.com,247744
2025-03-31,150194,9820,6.53821058098193,149893,300,1,0,False,76898102.xyz;batesvilletechnology.com;bignet.id;bitcoinmagazine.com;chaika.me;click.press;co.id;columbusunderground.com;county10.com;cytiva.com;dashlabs.app;decaturish.com;domainactive.org;dpaste.org;dpbossss.services;emailable.com;fayettevilleflyer.com;flwc.cc;foundationdns.com;foundationdns.net;foundationdns.org;gdespaces.net;gorbe.ninja;gov.ua;hemi.xyz;hennepinhealthcare.org;informadns.com;kinotam.org;kitdns.no;kyonix.com;larchmontbuzz.com;lescasinosenligne.ca;lo.cafe;maymobility.com;midwestcards.com;nmindepth.com;racunalo.com;reciprocity.com;redable.nl;rspnet.jp;salla.cloud;seized.gov;sequencing.com;spaces.ru;spboss.in;spcs.bio;ssnc.cloud;strip2.club;strip2.in;thebedfordcitizen.org;thelansingjournal.com;thisisreno.com;tinyurl.com;toshiba-europe.com;tylerobrien.dev;ubmdns.com;ultradns.biz;ultradns.com;ultradns.net;ultradns.org;upbet.com;usersporn.com;viralporn.com;wausaupilotandreview.com;wuppertal.de;yandexcloud.net;zaltv.com,248001
2025-04-01,150278,9834,6.543872023849133,149978,299,1,0,False,76898102.xyz;batesvilletechnology.com;bignet.id;bitcoinmagazine.com;chaika.me;click.press;co.id;columbusunderground.com;county10.com;cytiva.com;dashlabs.app;decaturish.com;domainactive.org;dpaste.org;dpbossss.services;emailable.com;fayettevilleflyer.com;flwc.cc;foundationdns.com;foundationdns.net;foundationdns.org;gdespaces.net;gorbe.ninja;hemi.xyz;hennepinhealthcare.org;informadns.com;kinotam.org;kinotam.pro;kitdns.no;kyonix.com;larchmontbuzz.com;lescasinosenligne.ca;lo.cafe;maymobility.com;midwestcards.com;nmindepth.com;racunalo.com;reciprocity.com;redable.nl;rspnet.jp;salla.cloud;seized.gov;sequencing.com;spaces.ru;spboss.in;spcs.bio;ssnc.cloud;strip2.club;strip2.in;thebedfordcitizen.org;thelansingjournal.com;thisisreno.com;tinyurl.com;toshiba-europe.com;tylerobrien.dev;ubmdns.com;ultradns.biz;ultradns.com;ultradns.net;ultradns.org;upbet.com;usersporn.com;viralporn.com;wausaupilotandreview.com;wuppertal.de;yandexcloud.net;zaltv.com,247996
2025-04-02,151481,9806,6.473419108667093,151176,305,0,0,False,76898102.xyz;batesvilletechnology.com;bignet.id;bitcoinmagazine.com;chaika.me;click.press;co.id;columbusunderground.com;county10.com;cytiva.com;dashlabs.app;decaturish.com;domainactive.org;dpaste.org;dpbossss.services;emailable.com;fayettevilleflyer.com;flwc.cc;foundationdns.com;foundationdns.net;foundationdns.org;gdespaces.net;gorbe.ninja;hemi.xyz;hennepinhealthcare.org;informadns.com;kinotam.org;kinotam.pro;kitdns.no;kyonix.com;larchmontbuzz.com;lescasinosenligne.ca;lo.cafe;maymobility.com;midwestcards.com;nmindepth.com;racunalo.com;reciprocity.com;redable.nl;rspnet.jp;salla.cloud;seized.gov;sequencing.com;spaces.ru;spboss.in;spcs.bio;ssnc.cloud;strip2.club;strip2.in;thebedfordcitizen.org;thelansingjournal.com;thisisreno.com;tinyurl.com;toshiba-europe.com;turbokino.tv;tylerobrien.dev;ubmdns.com;upbet.com;usersporn.com;viralporn.com;voxga.es;wausaupilotandreview.com;wuppertal.de;yandexcloud.net;zaltv.com,249325
2025-04-03,155014,9792,6.31684880075348,154701,312,1,0,False,76898102.xyz;batesvilletechnology.com;bignet.id;bitcoinmagazine.com;chaika.me;click.press;co.id;columbusunderground.com;county10.com;cytiva.com;dashlabs.app;decaturish.com;domainactive.org;dpaste.org;dpbossss.services;emailable.com;fayettevilleflyer.com;flwc.cc;foundationdns.com;foundationdns.net;foundationdns.org;gdespaces.net;gorbe.ninja;hemi.xyz;hennepinhealthcare.org;informadns.com;kinotam.org;kinotam.pro;kitdns.no;kyonix.com;larchmontbuzz.com;lescasinosenligne.ca;lo.cafe;maymobility.com;midwestcards.com;nmindepth.com;porkbun.com;racunalo.com;reciprocity.com;redable.nl;rspnet.jp;salla.cloud;seized.gov;sequencing.com;spaces.ru;spboss.in;spcs.bio;ssnc.cloud;strip2.club;strip2.in;thebedfordcitizen.org;thelansingjournal.com;thisisreno.com;tinyurl.com;toshiba-europe.com;turbokino.tv;tylerobrien.dev;ubmdns.com;ultradns.biz;ultradns.com;ultradns.net;ultradns.org;upbet.com;usersporn.com;viralporn.com;voxga.es;wausaupilotandreview.com;wuppertal.de;yandexcloud.net;zaltv.com,253907
2025-04-04,154866,9784,6.317719835212378,154552,313,1,0,False,76898102.xyz;batesvilletechnology.com;bignet.id;bitcoinmagazine.com;chaika.me;click.press;co.id;columbusunderground.com;county10.com;cytiva.com;dashlabs.app;decaturish.com;digitalocean.com;domainactive.org;dpaste.org;dpbossss.services;emailable.com;fayettevilleflyer.com;flwc.cc;foundationdns.com;foundationdns.net;foundationdns.org;gdespaces.net;gorbe.ninja;hemi.xyz;hennepinhealthcare.org;informadns.com;kinotam.org;kinotam.pro;kitdns.no;kyonix.com;larchmontbuzz.com;lescasinosenligne.ca;lo.cafe;maymobility.com;midwestcards.com;nmindepth.com;porkbun.com;racunalo.com;reciprocity.com;redable.nl;rspnet.jp;salla.cloud;seized.gov;sequencing.com;spaces.ru;spboss.in;spcs.bio;ssnc.cloud;strip2.club;strip2.in;thebedfordcitizen.org;thelansingjournal.com;thisisreno.com;tinyurl.com;toshiba-europe.com;tylerobrien.dev;ubmdns.com;ultradns.biz;ultradns.com;ultradns.net;ultradns.org;upbet.com;usersporn.com;viralporn.com;voxga.es;wausaupilotandreview.com;wuppertal.de;yandexcloud.net;zaltv.com,253785
2025-04-05,154280,9813,6.360513352346383,153966,312,1,1,False,76898102.xyz;batesvilletechnology.com;bignet.id;bitcoinmagazine.com;chaika.me;click.press;co.id;columbusunderground.com;county10.com;cytiva.com;dashlabs.app;decaturish.com;domainactive.org;dpaste.org;dpbossss.services;emailable.com;fayettevilleflyer.com;flwc.cc;foundationdns.com;foundationdns.net;foundationdns.org;gdespaces.net;gorbe.ninja;hemi.xyz;hennepinhealthcare.org;informadns.com;kinotam.org;kinotam.pro;kitdns.no;kyonix.com;larchmontbuzz.com;lescasinosenligne.ca;lo.cafe;maymobility.com;midwestcards.com;nmindepth.com;porkbun.com;racunalo.com;reciprocity.com;redable.nl;rspnet.jp;salla.cloud;seized.gov;sequencing.com;spaces.ru;spboss.in;spcs.bio;ssnc.cloud;streamify360.com;strip2.club;strip2.in;thebedfordcitizen.org;thelansingjournal.com;thisisreno.com;tinyurl.com;toshiba-europe.com;tylerobrien.dev;ubmdns.com;ultradns.biz;ultradns.com;ultradns.net;ultradns.org;upbet.com;usersporn.com;viralporn.com;voxga.es;wausaupilotandreview.com;wuppertal.de;yandexcloud.net;zaltv.com,253186
2025-04-06,154256,9826,6.369930505134322,153942,313,0,1,False,76898102.xyz;awsdns-27.net;awsdns-36.com;awsdns-55.org;batesvilletechnology.com;bignet.id;bitcoinmagazine.com;chaika.me;click.press;co.id;co.uk;columbusunderground.com;county10.com;cytiva.com;dashlabs.app;decaturish.com;domainactive.org;dpaste.org;dpbossss.services;emailable.com;fayettevilleflyer.com;flwc.cc;foundationdns.com;foundationdns.net;foundationdns.org;gdespaces.net;gorbe.ninja;hemi.xyz;hennepinhealthcare.org;informadns.com;kinotam.org;kinotam.pro;kitdns.no;kyonix.com;larchmontbuzz.com;lescasinosenligne.ca;lo.cafe;maymobility.com;midwestcards.com;nmindepth.com;porkbun.com;racunalo.com;reciprocity.com;redable.nl;rspnet.jp;salla.cloud;seized.gov;sequencing.com;spaces.ru;spboss.in;spcs.bio;ssnc.cloud;streamify360.com;strip2.club;strip2.in;thebedfordcitizen.org;thelansingjournal.com;thisisreno.com;tinyurl.com;toshiba-europe.com;tylerobrien.dev;ubmdns.com;upbet.com;usersporn.com;viralporn.com;voxga.es;wausaupilotandreview.com;wuppertal.de;yandexcloud.net;zaltv.com,253097
2025-04-07,154159,9826,6.373938595865308,153847,312,0,0,False,76898102.xyz;batesvilletechnology.com;bignet.id;bitcoinmagazine.com;chaika.me;click.press;co.id;columbusunderground.com;county10.com;cytiva.com;dashlabs.app;decaturish.com;domainactive.org;dpaste.org;emailable.com;fayettevilleflyer.com;flwc.cc;foundationdns.com;foundationdns.net;foundationdns.org;gdespaces.net;gorbe.ninja;hemi.xyz;hennepinhealthcare.org;informadns.com;kinotam.org;kinotam.pro;kitdns.no;kyonix.com;larchmontbuzz.com;lescasinosenligne.ca;lo.cafe;maymobility.com;midwestcards.com;nmindepth.com;porkbun.com;racunalo.com;reciprocity.com;redable.nl;rspnet.jp;salla.cloud;seized.gov;sequencing.com;spaces.ru;spboss.in;spcs.bio;srv-console.com;ssnc.cloud;streamify360.com;strip2.club;strip2.in;thebedfordcitizen.org;thelansingjournal.com;thisisreno.com;tinyurl.com;toshiba-europe.com;tylerobrien.dev;ubmdns.com;upbet.com;usersporn.com;viralporn.com;voxga.es;wausaupilotandreview.com;wuppertal.de;yandexcloud.net;zaltv.com,252746
2025-04-08,153558,9839,6.407350968363746,153245,312,1,0,False,76898102.xyz;awsdns-27.net;awsdns-36.com;awsdns-55.org;batesvilletechnology.com;bignet.id;bitcoinmagazine.com;chaika.me;click.press;co.id;co.uk;columbusunderground.com;county10.com;cytiva.com;dashlabs.app;decaturish.com;domainactive.org;dpaste.org;dpbossss.services;emailable.com;fayettevilleflyer.com;flwc.cc;foundationdns.com;foundationdns.net;foundationdns.org;gdespaces.net;gorbe.ninja;hemi.xyz;hennepinhealthcare.org;informadns.com;kinotam.org;kinotam.pro;kitdns.no;kyonix.com;larchmontbuzz.com;lescasinosenligne.ca;lo.cafe;maymobility.com;midwestcards.com;nmindepth.com;porkbun.com;racunalo.com;reciprocity.com;redable.nl;salla.cloud;seized.gov;sequencing.com;siteground.net;spaces.ru;spboss.in;spcs.bio;ssnc.cloud;streamify360.com;strip2.club;strip2.in;thebedfordcitizen.org;thelansingjournal.com;thisisreno.com;tinyurl.com;toshiba-europe.com;tylerobrien.dev;ubmdns.com;ultradns.biz;ultradns.com;ultradns.net;ultradns.org;upbet.com;usersporn.com;viralporn.com;voxga.es;wausaupilotandreview.com;wuppertal.de;yandexcloud.net;zaltv.com,252177
2025-04-09,153538,9844,6.411442118563484,153226,310,1,1,False,76898102.xyz;batesvilletechnology.com;bignet.id;bitcoinmagazine.com;chaika.me;click.press;co.id;columbusunderground.com;county10.com;cytiva.com;dashlabs.app;decaturish.com;domainactive.org;dpaste.org;dpbossss.services;emailable.com;fayettevilleflyer.com;flwc.cc;foundationdns.com;foundationdns.net;foundationdns.org;gdespaces.net;gorbe.ninja;hemi.xyz;hennepinhealthcare.org;informadns.com;kinotam.org;kinotam.pro;kitdns.no;kyonix.com;larchmontbuzz.com;lescasinosenligne.ca;lo.cafe;maymobility.com;midwestcards.com;nmindepth.com;porkbun.com;racunalo.com;reciprocity.com;redable.nl;salla.cloud;seized.gov;sequencing.com;spaces.ru;spboss.in;spcs.bio;ssnc.cloud;streamify360.com;strip2.club;strip2.in;thebedfordcitizen.org;thelansingjournal.com;thisisreno.com;tinyurl.com;toshiba-europe.com;tylerobrien.dev;ubmdns.com;ultradns.biz;ultradns.com;ultradns.net;ultradns.org;upbet.com;usersporn.com;viralporn.com;voxga.es;wausaupilotandreview.com;wuppertal.de;yandexcloud.net;zaltv.com,252746
2025-04-10,153514,9864,6.425472595333324,153204,309,1,0,False,76898102.xyz;batesvilletechnology.com;bignet.id;bitcoinmagazine.com;chaika.me;click.press;co.id;columbusunderground.com;county10.com;cytiva.com;dashlabs.app;decaturish.com;domainactive.org;dpaste.org;dpbossss.services;emailable.com;fayettevilleflyer.com;flwc.cc;foundationdns.com;foundationdns.net;foundationdns.org;gdespaces.net;gorbe.ninja;hemi.xyz;hennepinhealthcare.org;informadns.com;kinotam.org;kinotam.pro;kitdns.no;kyonix.com;larchmontbuzz.com;lescasinosenligne.ca;lo.cafe;maymobility.com;midwestcards.com;nmindepth.com;porkbun.com;racunalo.com;reciprocity.com;redable.nl;salla.cloud;seized.gov;sequencing.com;spaces.ru;spboss.in;spcs.bio;ssnc.cloud;streamify360.com;strip2.club;strip2.in;thebedfordcitizen.org;thelansingjournal.com;thisisreno.com;tinyurl.com;toshiba-europe.com;tylerobrien.dev;ubmdns.com;ultradns.biz;ultradns.com;ultradns.net;ultradns.org;upbet.com;usersporn.com;viralporn.com;voxga.es;wausaupilotandreview.com;wuppertal.de;yandexcloud.net;zaltv.com,252129
2025-04-11,154276,9849,6.384013067489434,153965,311,0,0,False,76898102.xyz;batesvilletechnology.com;bignet.id;bitcoinmagazine.com;chaika.me;click.press;co.id;columbusunderground.com;county10.com;cytiva.com;dashlabs.app;decaturish.com;domainactive.org;dpaste.org;dpbossss.services;emailable.com;fayettevilleflyer.com;flwc.cc;foundationdns.com;foundationdns.net;foundationdns.org;gdespaces.net;gorbe.ninja;hemi.xyz;hennepinhealthcare.org;informadns.com;kinotam.org;kinotam.pro;kitdns.no;kyonix.com;larchmontbuzz.com;lescasinosenligne.ca;lo.cafe;maymobility.com;midwestcards.com;nmindepth.com;porkbun.com;racunalo.com;reciprocity.com;redable.nl;salla.cloud;seized.gov;sequencing.com;spaces.ru;spboss.in;spcs.bio;ssnc.cloud;streamify360.com;strip2.club;strip2.in;thebedfordcitizen.org;thelansingjournal.com;thisisreno.com;tinyurl.com;toshiba-europe.com;tylerobrien.dev;ubmdns.com;usersporn.com;viralporn.com;voxga.es;wausaupilotandreview.com;wuppertal.de;yandexcloud.net;zaltv.com,253039
2025-04-12,154201,9845,6.384524095174481,153889,311,0,1,False,76898102.xyz;batesvilletechnology.com;bignet.id;bitcoinmagazine.com;chaika.me;click.press;co.id;columbusunderground.com;county10.com;cytiva.com;dashlabs.app;decaturish.com;domainactive.org;dpaste.org;dpbossss.services;emailable.com;fayettevilleflyer.com;flwc.cc;foundationdns.com;foundationdns.net;foundationdns.org;gdespaces.net;gorbe.ninja;hemi.xyz;hennepinhealthcare.org;informadns.com;kinotam.org;kinotam.pro;kitdns.no;kyonix.com;larchmontbuzz.com;lescasinosenligne.ca;lo.cafe;maymobility.com;midwestcards.com;nmindepth.com;porkbun.com;racunalo.com;reciprocity.com;redable.nl;salla.cloud;seized.gov;sequencing.com;spaces.ru;spboss.in;spcs.bio;ssnc.cloud;streamify360.com;strip2.club;strip2.in;thebedfordcitizen.org;thelansingjournal.com;thisisreno.com;tinyurl.com;toshiba-europe.com;tylerobrien.dev;ubmdns.com;usersporn.com;viralporn.com;voxga.es;wausaupilotandreview.com;wuppertal.de;yandexcloud.net;zaltv.com,252921
2025-04-13,154107,9848,6.390365135912061,153786,312,1,8,False,76898102.xyz;alphadnszone.com;batesvilletechnology.com;bignet.id;bitcoinmagazine.com;chaika.me;click.press;co.id;columbusunderground.com;county10.com;cytiva.com;dashlabs.app;decaturish.com;domainactive.org;dpaste.org;dpbossss.services;emailable.com;fayettevilleflyer.com;flwc.cc;foundationdns.com;foundationdns.net;foundationdns.org;gdespaces.net;gorbe.ninja;hemi.xyz;hennepinhealthcare.org;informadns.com;kinotam.org;kinotam.pro;kitdns.no;kyonix.com;larchmontbuzz.com;lescasinosenligne.ca;lo.cafe;maymobility.com;midwestcards.com;nmindepth.com;porkbun.com;racunalo.com;reciprocity.com;redable.nl;salla.cloud;seized.gov;sequencing.com;spaces.ru;spboss.in;spcs.bio;ssnc.cloud;streamify360.com;strip2.club;strip2.in;thebedfordcitizen.org;thelansingjournal.com;thisisreno.com;tinyurl.com;toshiba-europe.com;tylerobrien.dev;ubmdns.com;ultradns.biz;ultradns.com;ultradns.net;ultradns.org;usersporn.com;viralporn.com;voxga.es;wausaupilotandreview.com;wuppertal.de;yandexcloud.net;zaltv.com,253232
2025-04-14,154134,9857,6.395084796346037,153821,311,1,1,False,76898102.xyz;batesvilletechnology.com;bignet.id;bitcoinmagazine.com;chaika.me;click.press;co.id;columbusunderground.com;county10.com;cytiva.com;dashlabs.app;decaturish.com;domainactive.org;dpaste.org;dpbossss.services;emailable.com;fayettevilleflyer.com;flwc.cc;foundationdns.com;foundationdns.net;foundationdns.org;gdespaces.net;gorbe.ninja;hemi.xyz;hennepinhealthcare.org;informadns.com;kinotam.org;kinotam.pro;kitdns.no;kyonix.com;larchmontbuzz.com;lescasinosenligne.ca;lo.cafe;maymobility.com;midwestcards.com;nmindepth.com;porkbun.com;racunalo.com;reciprocity.com;redable.nl;salla.cloud;seized.gov;sequencing.com;spaces.ru;spboss.in;spcs.bio;ssnc.cloud;streamify360.com;strip2.club;strip2.in;thebedfordcitizen.org;thelansingjournal.com;thisisreno.com;tinyurl.com;toshiba-europe.com;tylerobrien.dev;ubmdns.com;ultradns.biz;ultradns.com;ultradns.net;ultradns.org;usersporn.com;viralporn.com;voxga.es;wausaupilotandreview.com;wuppertal.de;yandexcloud.net;zaltv.com,252979
2025-04-15,154150,9859,6.395718456049303,153838,312,0,0,False,76898102.xyz;batesvilletechnology.com;bignet.id;bitcoinmagazine.com;chaika.me;click.press;co.id;columbusunderground.com;com.au;county10.com;cytiva.com;dashlabs.app;decaturish.com;domainactive.org;dpaste.org;dpbossss.services;emailable.com;fayettevilleflyer.com;flwc.cc;foundationdns.com;foundationdns.net;foundationdns.org;gdespaces.net;gorbe.ninja;hemi.xyz;hennepinhealthcare.org;informadns.com;kinotam.org;kinotam.pro;kitdns.no;kyonix.com;larchmontbuzz.com;lescasinosenligne.ca;lo.cafe;maymobility.com;midwestcards.com;nmindepth.com;porkbun.com;racunalo.com;reciprocity.com;redable.nl;salla.cloud;seized.gov;sequencing.com;spaces.ru;spboss.in;spcs.bio;ssnc.cloud;streamify360.com;strip2.club;strip2.in;thebedfordcitizen.org;thelansingjournal.com;thisisreno.com;tinyurl.com;toshiba-europe.com;tylerobrien.dev;ubmdns.com;usersporn.com;viralporn.com;voxga.es;wausaupilotandreview.com;wuppertal.de;yandexcloud.net;zaltv.com,253088
2025-04-16,150521,9951,6.611037662518851,150226,295,0,0,False,76898102.xyz;batesvilletechnology.com;bignet.id;bitcoinmagazine.com;bunny.net;chaika.me;click.press;co.id;columbusunderground.com;com.bd;county10.com;cytiva.com;dashlabs.app;decaturish.com;domainactive.org;dpaste.org;dpbossss.services;emailable.com;fayettevilleflyer.com;flwc.cc;foundationdns.com;foundationdns.net;foundationdns.org;gdespaces.net;getsearch.net;gorbe.ninja;hemi.xyz;hennepinhealthcare.org;informadns.com;kinotam.org;kinotam.pro;kitdns.no;larchmontbuzz.com;lescasinosenligne.ca;lo.cafe;maymobility.com;midwestcards.com;nmindepth.com;porkbun.com;racunalo.com;reciprocity.com;redable.nl;salla.cloud;seized.gov;sequencing.com;spaces.ru;spboss.in;spcs.bio;ssnc.cloud;streamify360.com;strip2.club;strip2.in;thebedfordcitizen.org;thelansingjournal.com;thisisreno.com;tinyurl.com;toshiba-europe.com;tylerobrien.dev;ubmdns.com;usersporn.com;viralporn.com;voxga.es;wausaupilotandreview.com;wuppertal.de;yandexcloud.net;zaltv.com,247785
2025-04-17,150469,9947,6.610663990589424,150171,297,1,0,False,76898102.xyz;alidns.com;batesvilletechnology.com;bignet.id;bitcoinmagazine.com;chaika.me;click.press;co.id;columbusunderground.com;com.bd;county10.com;cytiva.com;dashlabs.app;decaturish.com;domainactive.org;dpaste.org;dpbossss.services;emailable.com;fayettevilleflyer.com;flwc.cc;foundationdns.com;foundationdns.net;foundationdns.org;gdespaces.net;getsearch.net;gorbe.ninja;hemi.xyz;hennepinhealthcare.org;hostasap.net;informadns.com;kinotam.org;kinotam.pro;kitdns.no;larchmontbuzz.com;lescasinosenligne.ca;lo.cafe;maymobility.com;midwestcards.com;nmindepth.com;porkbun.com;racunalo.com;reciprocity.com;redable.nl;salla.cloud;seized.gov;sequencing.com;spaces.ru;spboss.in;spcs.bio;ssnc.cloud;streamify360.com;strip2.club;strip2.in;thebedfordcitizen.org;thelansingjournal.com;thisisreno.com;tinyurl.com;toshiba-europe.com;tylerobrien.dev;ubmdns.com;ultradns.biz;ultradns.com;ultradns.net;ultradns.org;usersporn.com;viralporn.com;voxga.es;wausaupilotandreview.com;wuppertal.de;yandexcloud.net;zaltv.com,248001
2025-04-18,148730,9953,6.691992200632018,148443,286,0,1,False,76898102.xyz;batesvilletechnology.com;bignet.id;bitcoinmagazine.com;chaika.me;click.press;co.id;columbusunderground.com;com.bd;county10.com;cytiva.com;dashlabs.app;decaturish.com;domainactive.org;dpaste.org;dpbossss.services;emailable.com;fayettevilleflyer.com;flwc.cc;foundationdns.com;foundationdns.net;foundationdns.org;gdespaces.net;getsearch.net;gorbe.ninja;hemi.xyz;hennepinhealthcare.org;hostasap.net;informadns.com;kinotam.org;kinotam.pro;kitdns.no;lapublicpress.org;larchmontbuzz.com;lescasinosenligne.ca;lo.cafe;maymobility.com;midwestcards.com;nmindepth.com;porkbun.com;racunalo.com;reciprocity.com;redable.nl;salla.cloud;seized.gov;sequencing.com;spaces.ru;spboss.in;spcs.bio;ssnc.cloud;streamify360.com;strip2.club;strip2.in;thebedfordcitizen.org;thelansingjournal.com;thisisreno.com;tinyurl.com;toshiba-europe.com;tylerobrien.dev;ubmdns.com;usersporn.com;viralporn.com;voxga.es;wausaupilotandreview.com;wuppertal.de;yandexcloud.net;zaltv.com,245638
2025-04-22,147384,9911,6.724610541171362,147107,277,0,0,False,76898102.xyz;batesvilletechnology.com;bignet.id;bitcoinmagazine.com;chaika.me;click.press;co.id;columbusunderground.com;county10.com;cytiva.com;dashlabs.app;decaturish.com;domainactive.org;dpaste.org;dpbossss.services;emailable.com;enxadahost.com;fayettevilleflyer.com;flwc.cc;foundationdns.com;foundationdns.net;foundationdns.org;gdespaces.net;getsearch.net;go.id;gorbe.ninja;hemi.xyz;hennepinhealthcare.org;hostasap.net;informadns.com;kinotam.org;kinotam.pro;kitdns.no;lapublicpress.org;larchmontbuzz.com;lescasinosenligne.ca;ligerio.fr;lo.cafe;maymobility.com;midwestcards.com;nmindepth.com;porkbun.com;racunalo.com;reciprocity.com;redable.nl;salla.cloud;seized.gov;sequencing.com;spaces.ru;spboss.in;spcs.bio;ssnc.cloud;streamify360.com;strip2.club;strip2.in;thebedfordcitizen.org;thelansingjournal.com;thisisreno.com;tinyurl.com;toshiba-europe.com;tylerobrien.dev;ubmdns.com;usersporn.com;viralporn.com;wausaupilotandreview.com;wuppertal.de;yandexcloud.net;zaltv.com,244865
2025-04-23,146660,9897,6.748261284603846,146398,261,0,1,False,76898102.xyz;batesvilletechnology.com;bignet.id;bitcoinmagazine.com;chaika.me;click.press;co.id;columbusunderground.com;county10.com;cytiva.com;dashlabs.app;decaturish.com;domainactive.org;dpaste.org;dpbossss.services;emailable.com;enxadahost.com;fayettevilleflyer.com;flwc.cc;foundationdns.com;foundationdns.net;foundationdns.org;gdespaces.net;getsearch.net;go.id;gorbe.ninja;hemi.xyz;hennepinhealthcare.org;hostasap.net;informadns.com;kinotam.org;kinotam.pro;kitdns.no;lapublicpress.org;larchmontbuzz.com;lescasinosenligne.ca;ligerio.fr;lo.cafe;maymobility.com;midwestcards.com;nmindepth.com;porkbun.com;racunalo.com;reciprocity.com;redable.nl;salla.cloud;seized.gov;sequencing.com;spaces.ru;spboss.in;spcs.bio;ssnc.cloud;streamify360.com;strip2.club;strip2.in;thebedfordcitizen.org;thelansingjournal.com;thisisreno.com;tinyurl.com;toshiba-europe.com;tylerobrien.dev;ubmdns.com;usersporn.com;viralporn.com;wausaupilotandreview.com;wuppertal.de;yandexcloud.net;zaltv.com,244416
2025-04-24,147265,9906,6.726649237768649,146989,274,0,2,False,76898102.xyz;batesvilletechnology.com;bignet.id;bitcoinmagazine.com;chaika.me;click.press;co.id;columbusunderground.com;county10.com;cytiva.com;dashlabs.app;decaturish.com;dns-parking.com;domainactive.org;dpaste.org;dpbossss.services;emailable.com;enxadahost.com;fayettevilleflyer.com;flwc.cc;foundationdns.com;foundationdns.net;foundationdns.org;gdespaces.net;getsearch.net;gorbe.ninja;hackerone.com;hemi.xyz;hennepinhealthcare.org;hostasap.net;informadns.com;kinotam.org;kinotam.pro;kitdns.no;lapublicpress.org;larchmontbuzz.com;lescasinosenligne.ca;ligerio.fr;lo.cafe;maymobility.com;midwestcards.com;nmindepth.com;porkbun.com;racunalo.com;reciprocity.com;redable.nl;salla.cloud;seized.gov;sequencing.com;spaces.ru;spboss.in;spcs.bio;ssnc.cloud;streamify360.com;strip2.club;strip2.in;thebedfordcitizen.org;thelansingjournal.com;thisisreno.com;tinyurl.com;toshiba-europe.com;tylerobrien.dev;ubmdns.com;usersporn.com;viralporn.com;wausaupilotandreview.com;wuppertal.de;yandexcloud.net;zaltv.com,244980
2025-04-25,148408,9882,6.658670691606922,148121,287,0,0,False,76898102.xyz;batesvilletechnology.com;bignet.id;bitcoinmagazine.com;chaika.me;click.press;co.id;columbusunderground.com;county10.com;cytiva.com;dashlabs.app;decaturish.com;domainactive.org;dpaste.org;dpbossss.services;emailable.com;enxadahost.com;fayettevilleflyer.com;flwc.cc;foundationdns.com;foundationdns.net;foundationdns.org;gdespaces.net;getsearch.net;gorbe.ninja;hackerone.com;hemi.xyz;hennepinhealthcare.org;hostasap.net;informadns.com;kinotam.org;kinotam.pro;kitdns.no;lapublicpress.org;larchmontbuzz.com;lescasinosenligne.ca;ligerio.fr;lo.cafe;maymobility.com;midwestcards.com;nmindepth.com;porkbun.com;racunalo.com;reciprocity.com;redable.nl;salla.cloud;seized.gov;sequencing.com;spaces.ru;spboss.in;spcs.bio;ssnc.cloud;streamify360.com;strip2.club;strip2.in;thebedfordcitizen.org;thelansingjournal.com;thisisreno.com;tinyurl.com;toshiba-europe.com;tylerobrien.dev;ubmdns.com;usersporn.com;viralporn.com;wausaupilotandreview.com;wuppertal.de;yandexcloud.net;zaltv.com,245904
2025-04-26,148591,9870,6.642394223068691,148306,285,0,0,False,76898102.xyz;batesvilletechnology.com;bignet.id;bitcoinmagazine.com;chaika.me;click.press;co.id;columbusunderground.com;county10.com;cytiva.com;dashlabs.app;decaturish.com;domainactive.org;dpaste.org;dpbossss.services;emailable.com;enxadahost.com;fayettevilleflyer.com;flwc.cc;foundationdns.com;foundationdns.net;foundationdns.org;gdespaces.net;getsearch.net;gorbe.ninja;hackerone.com;hemi.xyz;hennepinhealthcare.org;hostasap.net;informadns.com;kinotam.org;kinotam.pro;kitdns.no;lapublicpress.org;larchmontbuzz.com;lescasinosenligne.ca;lo.cafe;maymobility.com;midwestcards.com;nmindepth.com;porkbun.com;racunalo.com;reciprocity.com;redable.nl;salla.cloud;seized.gov;sequencing.com;spaces.ru;spboss.in;spcs.bio;ssnc.cloud;streamify360.com;strip2.club;strip2.in;thebedfordcitizen.org;thelansingjournal.com;thisisreno.com;tinyurl.com;toshiba-europe.com;tylerobrien.dev;ubmdns.com;usersporn.com;viralporn.com;wausaupilotandreview.com;wuppertal.de;yandexcloud.net;zaltv.com,245851
2025-04-27,148607,9885,6.651772796705405,148325,282,0,0,False,76898102.xyz;batesvilletechnology.com;bignet.id;bitcoinmagazine.com;chaika.me;click.press;co.id;columbusunderground.com;county10.com;cytiva.com;dashlabs.app;decaturish.com;domainactive.org;dpaste.org;dpbossss.services;emailable.com;enxadahost.com;fayettevilleflyer.com;flwc.cc;foundationdns.com;foundationdns.net;foundationdns.org;gdespaces.net;getsearch.net;gorbe.ninja;hackerone.com;hemi.xyz;hennepinhealthcare.org;hostasap.net;informadns.com;kinotam.org;kinotam.pro;kitdns.no;lapublicpress.org;larchmontbuzz.com;lescasinosenligne.ca;lo.cafe;maymobility.com;midwestcards.com;nmindepth.com;porkbun.com;racunalo.com;reciprocity.com;redable.nl;salla.cloud;seized.gov;sequencing.com;spaces.ru;spboss.in;spcs.bio;ssnc.cloud;streamify360.com;strip2.club;strip2.in;thebedfordcitizen.org;thelansingjournal.com;thisisreno.com;tinyurl.com;toshiba-europe.com;tylerobrien.dev;ubmdns.com;usersporn.com;viralporn.com;wausaupilotandreview.com;wuppertal.de;yandexcloud.net;zaltv.com,246069
2025-04-28,148901,9872,6.629908462669827,148618,283,0,0,False,76898102.xyz;batesvilletechnology.com;bignet.id;bitcoinmagazine.com;chaika.me;click.press;co.id;columbusunderground.com;county10.com;cytiva.com;dashlabs.app;decaturish.com;dns-parking.com;domainactive.org;domaincontrol.com;dpaste.org;dpbossss.services;emailable.com;enxadahost.com;fayettevilleflyer.com;flwc.cc;foundationdns.com;foundationdns.net;foundationdns.org;gcdn.services;gcorelabs.net;gdespaces.net;getsearch.net;gorbe.ninja;hackerone.com;hemi.xyz;hennepinhealthcare.org;hostasap.net;informadns.com;kinotam.org;kinotam.pro;kitdns.no;lapublicpress.org;larchmontbuzz.com;lescasinosenligne.ca;lo.cafe;maymobility.com;midwestcards.com;nmindepth.com;porkbun.com;racunalo.com;reciprocity.com;redable.nl;salla.cloud;seized.gov;sequencing.com;spaces.ru;spboss.in;spcs.bio;ssnc.cloud;streamify360.com;strip2.club;strip2.in;thebedfordcitizen.org;thelansingjournal.com;thisisreno.com;tinyurl.com;toshiba-europe.com;tylerobrien.dev;ubmdns.com;usersporn.com;viralporn.com;wausaupilotandreview.com;wuppertal.de;yandexcloud.net;zaltv.com,246341
2025-04-29,149197,9871,6.6160847738225295,148917,279,0,1,False,76898102.xyz;batesvilletechnology.com;bignet.id;bitcoinmagazine.com;chaika.me;click.press;co.id;columbusunderground.com;county10.com;cytiva.com;dashlabs.app;decaturish.com;domainactive.org;dpaste.org;dpbossss.services;emailable.com;enxadahost.com;fayettevilleflyer.com;flwc.cc;foundationdns.com;foundationdns.net;foundationdns.org;gdespaces.net;getsearch.net;gorbe.ninja;hackerone.com;hemi.xyz;hennepinhealthcare.org;hostasap.net;informadns.com;kinotam.org;kinotam.pro;kitdns.no;lapublicpress.org;larchmontbuzz.com;lescasinosenligne.ca;lo.cafe;maymobility.com;midwestcards.com;nmindepth.com;porkbun.com;racunalo.com;reciprocity.com;redable.nl;salla.cloud;seized.gov;sequencing.com;spaces.ru;spboss.in;spcs.bio;ssnc.cloud;streamify360.com;strip2.club;strip2.in;thebedfordcitizen.org;thelansingjournal.com;thisisreno.com;tinyurl.com;toshiba-europe.com;tylerobrien.dev;ubmdns.com;usersporn.com;viralporn.com;wausaupilotandreview.com;wuppertal.de;yandexcloud.net;zaltv.com,247076
2025-04-30,149364,9887,6.6193995875846925,149084,279,0,1,False,76898102.xyz;batesvilletechnology.com;bignet.id;bitcoinmagazine.com;chaika.me;click.press;co.id;columbusunderground.com;county10.com;cytiva.com;dashlabs.app;decaturish.com;domainactive.org;dpaste.org;dpbossss.services;emailable.com;enxadahost.com;fayettevilleflyer.com;flwc.cc;foundationdns.com;foundationdns.net;foundationdns.org;gdespaces.net;getsearch.net;gorbe.ninja;hackerone.com;hemi.xyz;hennepinhealthcare.org;hostasap.net;informadns.com;kinotam.org;kinotam.pro;kitdns.no;lapublicpress.org;larchmontbuzz.com;lescasinosenligne.ca;lo.cafe;lo.fi;maymobility.com;midwestcards.com;nmindepth.com;porkbun.com;racunalo.com;reciprocity.com;redable.nl;salla.cloud;seized.gov;sequencing.com;spaces.ru;spboss.in;spcs.bio;ssnc.cloud;streamify360.com;strip2.club;strip2.in;thebedfordcitizen.org;thelansingjournal.com;thisisreno.com;tinyurl.com;toshiba-europe.com;tylerobrien.dev;ubmdns.com;usersporn.com;viralporn.com;wausaupilotandreview.com;wuppertal.de;yandexcloud.net;zaltv.com,246970
2025-05-01,155326,9813,6.317680233830782,155037,289,0,0,False,76898102.xyz;batesvilletechnology.com;bignet.id;bitcoinmagazine.com;chaika.me;click.press;co.id;columbusunderground.com;county10.com;cytiva.com;dashlabs.app;decaturish.com;domainactive.org;dpaste.org;dpbossss.services;emailable.com;enxadahost.com;fayettevilleflyer.com;flwc.cc;foundationdns.com;foundationdns.net;foundationdns.org;gdespaces.net;getsearch.net;gorbe.ninja;hackerone.com;hemi.xyz;hennepinhealthcare.org;hostasap.net;informadns.com;kinotam.org;kinotam.pro;kitdns.no;lapublicpress.org;larchmontbuzz.com;lescasinosenligne.ca;lo.cafe;lo.fi;maymobility.com;midwestcards.com;nmindepth.com;porkbun.com;racunalo.com;reciprocity.com;redable.nl;salla.cloud;seized.gov;sequencing.com;spaces.ru;spboss.in;spcs.bio;ssnc.cloud;streamify360.com;strip2.club;strip2.in;thebedfordcitizen.org;thelansingjournal.com;thisisreno.com;tinyurl.com;toshiba-europe.com;tylerobrien.dev;ubmdns.com;usersporn.com;viralporn.com;wausaupilotandreview.com;wuppertal.de;yandexcloud.net;zaltv.com,254325
2025-05-02,155446,9811,6.311516539505681,155155,289,0,2,False,76898102.xyz;batesvilletechnology.com;bignet.id;bitcoinmagazine.com;chaika.me;click.press;co.id;columbusunderground.com;county10.com;cytiva.com;dashlabs.app;decaturish.com;domainactive.org;dpaste.org;dpbossss.services;emailable.com;enxadahost.com;fayettevilleflyer.com;flwc.cc;foundationdns.com;foundationdns.net;foundationdns.org;gdespaces.net;getsearch.net;gorbe.ninja;hackerone.com;hemi.xyz;hennepinhealthcare.org;hostasap.net;informadns.com;kinotam.org;kinotam.pro;kitdns.no;lapublicpress.org;larchmontbuzz.com;lescasinosenligne.ca;lo.cafe;lo.fi;maymobility.com;midwestcards.com;nmindepth.com;porkbun.com;racunalo.com;reciprocity.com;redable.nl;salla.cloud;seized.gov;sequencing.com;spaces.ru;spboss.in;spcs.bio;ssnc.cloud;streamify360.com;strip2.club;strip2.in;thebedfordcitizen.org;thelansingjournal.com;thisisreno.com;tinyurl.com;toshiba-europe.com;tylerobrien.dev;ubmdns.com;usersporn.com;viralporn.com;wausaupilotandreview.com;wuppertal.de;yandexcloud.net;zaltv.com,254743
2025-05-03,154780,9846,6.361286987982943,154490,290,0,0,False,76898102.xyz;batesvilletechnology.com;bignet.id;bitcoinmagazine.com;chaika.me;click.press;co.id;columbusunderground.com;county10.com;cytiva.com;dashlabs.app;decaturish.com;domainactive.org;dpaste.org;dpbossss.services;emailable.com;enxadahost.com;fayettevilleflyer.com;flwc.cc;foundationdns.com;foundationdns.net;foundationdns.org;gdespaces.net;getsearch.net;gorbe.ninja;gov.ua;hackerone.com;hemi.xyz;hennepinhealthcare.org;hostasap.net;informadns.com;kinotam.org;kinotam.pro;kitdns.no;lapublicpress.org;larchmontbuzz.com;lescasinosenligne.ca;lo.cafe;lo.fi;maymobility.com;midwestcards.com;nmindepth.com;porkbun.com;racunalo.com;reciprocity.com;redable.nl;salla.cloud;seized.gov;sequencing.com;spaces.ru;spboss.in;spcs.bio;ssnc.cloud;streamify360.com;strip2.club;strip2.in;thebedfordcitizen.org;thelansingjournal.com;thisisreno.com;tinyurl.com;toshiba-europe.com;tylerobrien.dev;ubmdns.com;usersporn.com;viralporn.com;wausaupilotandreview.com;wuppertal.de;yandexcloud.net;zaltv.com,253702
2025-05-04,154972,9860,6.3624396665204035,154681,291,0,0,False,76898102.xyz;batesvilletechnology.com;bignet.id;bitcoinmagazine.com;chaika.me;click.press;co.id;columbusunderground.com;county10.com;cytiva.com;dashlabs.app;decaturish.com;domainactive.org;dpaste.org;dpbossss.services;emailable.com;enxadahost.com;fayettevilleflyer.com;flwc.cc;foundationdns.com;foundationdns.net;foundationdns.org;gdespaces.net;getsearch.net;gorbe.ninja;gov.ua;hackerone.com;hemi.xyz;hennepinhealthcare.org;hostasap.net;informadns.com;kinotam.org;kinotam.pro;kitdns.no;lapublicpress.org;larchmontbuzz.com;lescasinosenligne.ca;lo.cafe;lo.fi;maymobility.com;midwestcards.com;nmindepth.com;porkbun.com;racunalo.com;reciprocity.com;redable.nl;salla.cloud;seized.gov;sequencing.com;spaces.ru;spboss.in;spcs.bio;ssnc.cloud;streamify360.com;strip2.club;strip2.in;thebedfordcitizen.org;thelansingjournal.com;thisisreno.com;tinyurl.com;toshiba-europe.com;tylerobrien.dev;ubmdns.com;usersporn.com;viralporn.com;wausaupilotandreview.com;wuppertal.de;yandexcloud.net;zaltv.com,254096
2025-05-05,155174,9885,6.370268215036024,154885,288,0,1,False,batesvilletechnology.com;bignet.id;bitcoinmagazine.com;chaika.me;click.press;co.id;columbusunderground.com;county10.com;cytiva.com;dashlabs.app;decaturish.com;domainactive.org;dpaste.org;dpbossss.services;emailable.com;enxadahost.com;fayettevilleflyer.com;flwc.cc;foundationdns.com;foundationdns.net;foundationdns.org;gdespaces.net;gorbe.ninja;gov.ua;hackerone.com;hemi.xyz;hennepinhealthcare.org;hostasap.net;informadns.com;kinotam.org;kinotam.pro;kitdns.no;lapublicpress.org;larchmontbuzz.com;lescasinosenligne.ca;lo.cafe;lo.fi;maymobility.com;midwestcards.com;nmindepth.com;porkbun.com;racunalo.com;reciprocity.com;redable.nl;salla.cloud;seized.gov;sequencing.com;spaces.ru;spboss.in;spcs.bio;ssnc.cloud;streamify360.com;strip2.club;strip2.in;thebedfordcitizen.org;thelansingjournal.com;thisisreno.com;tinyurl.com;toshiba-europe.com;tylerobrien.dev;ubmdns.com;usersporn.com;viralporn.com;wausaupilotandreview.com;wuppertal.de;yandexcloud.net;zaltv.com,254161
2025-05-06,154657,9898,6.399968963577465,154369,287,0,1,False,batesvilletechnology.com;bignet.id;bitcoinmagazine.com;chaika.me;click.press;co.id;columbusunderground.com;county10.com;cytiva.com;dashlabs.app;decaturish.com;domainactive.org;dpaste.org;dpbossss.services;emailable.com;enxadahost.com;fayettevilleflyer.com;flwc.cc;foundationdns.com;foundationdns.net;foundationdns.org;gdespaces.net;gorbe.ninja;gov.ua;hackerone.com;hemi.xyz;hennepinhealthcare.org;hostasap.net;informadns.com;kinotam.org;kinotam.pro;kitdns.no;lapublicpress.org;larchmontbuzz.com;lescasinosenligne.ca;lo.cafe;lo.fi;maymobility.com;midwestcards.com;nmindepth.com;porkbun.com;racunalo.com;reciprocity.com;redable.nl;salla.cloud;seized.gov;sequencing.com;spaces.ru;spboss.in;spcs.bio;ssnc.cloud;streamify360.com;strip2.club;strip2.in;thebedfordcitizen.org;thelansingjournal.com;thisisreno.com;tinyurl.com;toshiba-europe.com;tylerobrien.dev;ubmdns.com;usersporn.com;viralporn.com;wausaupilotandreview.com;wuppertal.de;yandexcloud.net;zaltv.com,253858
2025-05-07,154590,9927,6.421502037647972,154303,287,0,0,False,batesvilletechnology.com;bignet.id;bitcoinmagazine.com;chaika.me;click.press;co.id;columbusunderground.com;county10.com;cytiva.com;dashlabs.app;decaturish.com;domainactive.org;dpaste.org;dpbossss.services;emailable.com;enxadahost.com;fayettevilleflyer.com;flwc.cc;foundationdns.com;foundationdns.net;foundationdns.org;gdespaces.net;gorbe.ninja;gov.ua;hackerone.com;hemi.xyz;hennepinhealthcare.org;hostasap.net;informadns.com;kinotam.org;kinotam.pro;kitdns.no;lapublicpress.org;larchmontbuzz.com;lescasinosenligne.ca;lo.cafe;lo.fi;maymobility.com;midwestcards.com;nmindepth.com;porkbun.com;racunalo.com;reciprocity.com;redable.nl;salla.cloud;seized.gov;sequencing.com;spaces.ru;spboss.in;spcs.bio;ssnc.cloud;streamify360.com;strip2.club;strip2.in;thebedfordcitizen.org;thelansingjournal.com;thisisreno.com;tinyurl.com;toshiba-europe.com;tylerobrien.dev;ubmdns.com;usersporn.com;viralporn.com;wausaupilotandreview.com;wuppertal.de;yandexcloud.net;zaltv.com,254015
2025-05-08,154479,9947,6.43906291470038,154191,288,0,0,False,batesvilletechnology.com;bignet.id;bitcoinmagazine.com;chaika.me;click.press;co.id;columbusunderground.com;county10.com;cytiva.com;dashlabs.app;decaturish.com;domainactive.org;dpaste.org;dpbossss.services;emailable.com;enxadahost.com;fayettevilleflyer.com;flwc.cc;foundationdns.com;foundationdns.net;foundationdns.org;gdespaces.net;gorbe.ninja;gov.ua;hackerone.com;hemi.xyz;hennepinhealthcare.org;hostasap.net;informadns.com;kinotam.org;kinotam.pro;kitdns.no;lapublicpress.org;larchmontbuzz.com;lescasinosenligne.ca;lo.cafe;lo.fi;maymobility.com;midwestcards.com;nmindepth.com;porkbun.com;racunalo.com;reciprocity.com;redable.nl;salla.cloud;seized.gov;sequencing.com;spaces.ru;spaceship.net;spboss.in;spcs.bio;ssnc.cloud;streamify360.com;strip2.club;strip2.in;thebedfordcitizen.org;thelansingjournal.com;thisisreno.com;tinyurl.com;toshiba-europe.com;tylerobrien.dev;ubmdns.com;usersporn.com;viralporn.com;wausaupilotandreview.com;wuppertal.de;yandexcloud.net;zaltv.com,253701
2025-05-09,154424,9942,6.438118427187484,154140,284,0,0,False,batesvilletechnology.com;bignet.id;bitcoinmagazine.com;chaika.me;click.press;co.id;columbusunderground.com;county10.com;cytiva.com;dashlabs.app;decaturish.com;domainactive.org;dpaste.org;dpbossss.services;emailable.com;enxadahost.com;fayettevilleflyer.com;flwc.cc;foundationdns.com;foundationdns.net;foundationdns.org;gdespaces.net;gorbe.ninja;gov.ua;hackerone.com;hemi.xyz;hennepinhealthcare.org;hostasap.net;informadns.com;kinotam.org;kinotam.pro;kitdns.no;lapublicpress.org;larchmontbuzz.com;lescasinosenligne.ca;lo.cafe;lo.fi;maymobility.com;midwestcards.com;nmindepth.com;porkbun.com;racunalo.com;reciprocity.com;redable.nl;salla.cloud;seized.gov;sequencing.com;spaces.ru;spaceship.net;spboss.in;spcs.bio;ssnc.cloud;streamify360.com;strip2.club;strip2.in;thebedfordcitizen.org;thelansingjournal.com;thisisreno.com;tinyurl.com;toshiba-europe.com;tylerobrien.dev;ubmdns.com;usersporn.com;viralporn.com;wausaupilotandreview.com;wuppertal.de;yandexcloud.net;zaltv.com,254072
2025-05-10,154580,9944,6.4329149954716005,154296,284,0,0,False,batesvilletechnology.com;bignet.id;bitcoinmagazine.com;chaika.me;click.press;co.id;columbusunderground.com;county10.com;cytiva.com;dashlabs.app;decaturish.com;domainactive.org;dpaste.org;dpbossss.services;emailable.com;enxadahost.com;fayettevilleflyer.com;flwc.cc;foundationdns.com;foundationdns.net;foundationdns.org;gdespaces.net;gorbe.ninja;gov.ua;hackerone.com;hemi.xyz;hennepinhealthcare.org;hostasap.net;informadns.com;kinotam.org;kinotam.pro;kitdns.no;lapublicpress.org;larchmontbuzz.com;lescasinosenligne.ca;lo.cafe;lo.fi;maymobility.com;midwestcards.com;nmindepth.com;porkbun.com;racunalo.com;reciprocity.com;redable.nl;salla.cloud;seized.gov;sequencing.com;spaces.ru;spaceship.net;spboss.in;spcs.bio;ssnc.cloud;streamify360.com;strip2.club;strip2.in;thebedfordcitizen.org;thelansingjournal.com;thisisreno.com;tinyurl.com;toshiba-europe.com;tylerobrien.dev;ubmdns.com;usersporn.com;viralporn.com;wausaupilotandreview.com;wuppertal.de;yandexcloud.net;zaltv.com,254342
2025-05-11,154714,9966,6.441563142314205,154430,284,0,0,False,batesvilletechnology.com;bignet.id;bitcoinmagazine.com;chaika.me;click.press;co.id;columbusunderground.com;county10.com;cytiva.com;dashlabs.app;decaturish.com;domainactive.org;dpaste.org;dpbossss.services;emailable.com;enxadahost.com;fayettevilleflyer.com;flwc.cc;foundationdns.com;foundationdns.net;foundationdns.org;gdespaces.net;gorbe.ninja;gov.ua;hackerone.com;hemi.xyz;hennepinhealthcare.org;hostasap.net;informadns.com;kinotam.org;kinotam.pro;kitdns.no;lapublicpress.org;larchmontbuzz.com;lescasinosenligne.ca;lo.cafe;lo.fi;maymobility.com;midwestcards.com;nmindepth.com;porkbun.com;racunalo.com;reciprocity.com;redable.nl;salla.cloud;seized.gov;sequencing.com;spaces.ru;spaceship.net;spboss.in;spcs.bio;ssnc.cloud;streamify360.com;strip2.club;strip2.in;thebedfordcitizen.org;thelansingjournal.com;thisisreno.com;tinyurl.com;toshiba-europe.com;tylerobrien.dev;ubmdns.com;usersporn.com;viralporn.com;wausaupilotandreview.com;wuppertal.de;yandexcloud.net;zaltv.com,254934
2025-05-12,154889,9981,6.44396955238913,154606,283,0,0,False,batesvilletechnology.com;bignet.id;bitcoinmagazine.com;chaika.me;click.press;co.id;columbusunderground.com;county10.com;cytiva.com;dashlabs.app;decaturish.com;domainactive.org;dpaste.org;dpbossss.services;emailable.com;enxadahost.com;fayettevilleflyer.com;flwc.cc;foundationdns.com;foundationdns.net;foundationdns.org;gdespaces.net;gorbe.ninja;gov.ua;hackerone.com;hemi.xyz;hennepinhealthcare.org;hostasap.net;informadns.com;kinotam.org;kinotam.pro;kitdns.no;lapublicpress.org;larchmontbuzz.com;lescasinosenligne.ca;lo.cafe;lo.fi;maymobility.com;midwestcards.com;nmindepth.com;porkbun.com;racunalo.com;reciprocity.com;redable.nl;salla.cloud;seized.gov;sequencing.com;spaces.ru;spaceship.net;spboss.in;spcs.bio;ssnc.cloud;streamify360.com;strip2.club;strip2.in;thebedfordcitizen.org;thelansingjournal.com;thisisreno.com;tinyurl.com;toshiba-europe.com;tylerobrien.dev;ubmdns.com;usersporn.com;viralporn.com;wausaupilotandreview.com;wuppertal.de;yandexcloud.net;zaltv.com,255340
2025-05-13,155077,9985,6.438736885547179,154793,284,0,0,False,batesvilletechnology.com;bignet.id;bitcoinmagazine.com;chaika.me;click.press;co.id;columbusunderground.com;county10.com;cytiva.com;dashlabs.app;decaturish.com;domainactive.org;dpaste.org;dpbossss.services;emailable.com;enxadahost.com;fayettevilleflyer.com;flwc.cc;foundationdns.com;foundationdns.net;foundationdns.org;gdespaces.net;gorbe.ninja;gov.ua;hackerone.com;hemi.xyz;hennepinhealthcare.org;hostasap.net;informadns.com;kinotam.org;kinotam.pro;kitdns.no;lapublicpress.org;larchmontbuzz.com;lescasinosenligne.ca;lo.cafe;lo.fi;maymobility.com;midwestcards.com;nmindepth.com;porkbun.com;racunalo.com;reciprocity.com;redable.nl;salla.cloud;seized.gov;sequencing.com;spaces.ru;spaceship.net;spboss.in;spcs.bio;ssnc.cloud;streamify360.com;strip2.club;strip2.in;thebedfordcitizen.org;thelansingjournal.com;thisisreno.com;tinyurl.com;toshiba-europe.com;tylerobrien.dev;ubmdns.com;usersporn.com;viralporn.com;wausaupilotandreview.com;wuppertal.de;zaltv.com,255346
2025-05-14,155466,10021,6.445782357557279,155179,286,0,1,False,batesvilletechnology.com;bignet.id;bitcoinmagazine.com;chaika.me;click.press;co.id;columbusunderground.com;com.tr;county10.com;cytiva.com;dashlabs.app;decaturish.com;dnsowl.com;domainactive.org;dpaste.org;dpbossss.services;emailable.com;enxadahost.com;fayettevilleflyer.com;flwc.cc;foundationdns.com;foundationdns.net;foundationdns.org;gdespaces.net;gorbe.ninja;gov.ua;hackerone.com;hemi.xyz;hennepinhealthcare.org;hostasap.net;informadns.com;kinotam.org;kinotam.pro;kitdns.no;lapublicpress.org;larchmontbuzz.com;lescasinosenligne.ca;lo.cafe;lo.fi;maymobility.com;midwestcards.com;nmindepth.com;porkbun.com;racunalo.com;reciprocity.com;redable.nl;salla.cloud;seized.gov;sequencing.com;spaces.ru;spaceship.net;spboss.in;spcs.bio;ssnc.cloud;streamify360.com;strip2.club;strip2.in;thebedfordcitizen.org;thelansingjournal.com;thisisreno.com;tinyurl.com;toshiba-europe.com;tylerobrien.dev;ubmdns.com;usersporn.com;viralporn.com;wausaupilotandreview.com;wuppertal.de;zaltv.com,256030
2025-05-15,155959,10017,6.4228419007559685,155672,286,0,1,False,batesvilletechnology.com;bignet.id;bitcoinmagazine.com;chaika.me;click.press;co.id;columbusunderground.com;com.tr;county10.com;cytiva.com;dashlabs.app;decaturish.com;dnsowl.com;domainactive.org;dpaste.org;dpbossss.services;emailable.com;enxadahost.com;fayettevilleflyer.com;flwc.cc;foundationdns.com;foundationdns.net;foundationdns.org;gdespaces.net;gorbe.ninja;gov.ua;hackerone.com;hemi.xyz;hennepinhealthcare.org;hostasap.net;informadns.com;kinotam.org;kinotam.pro;kitdns.no;lapublicpress.org;larchmontbuzz.com;lescasinosenligne.ca;lo.cafe;lo.fi;maymobility.com;midwestcards.com;nmindepth.com;porkbun.com;racunalo.com;reciprocity.com;redable.nl;salla.cloud;seized.gov;sequencing.com;spaces.ru;spaceship.net;spboss.in;spcs.bio;ssnc.cloud;streamify360.com;strip2.club;strip2.in;thebedfordcitizen.org;thelansingjournal.com;thisisreno.com;tinyurl.com;toshiba-europe.com;tylerobrien.dev;ubmdns.com;usersporn.com;viralporn.com;wausaupilotandreview.com;wuppertal.de;zaltv.com,256683
2025-05-16,156257,9993,6.39523349353949,155973,283,0,1,False,batesvilletechnology.com;bignet.id;bitcoinmagazine.com;chaika.me;click.press;co.id;columbusunderground.com;com.tr;county10.com;cytiva.com;dashlabs.app;decaturish.com;domainactive.org;dpaste.org;dpbossss.services;emailable.com;enxadahost.com;fayettevilleflyer.com;flwc.cc;foundationdns.com;foundationdns.net;foundationdns.org;gdespaces.net;gorbe.ninja;gov.ua;hackerone.com;hemi.xyz;hennepinhealthcare.org;hostasap.net;informadns.com;kinotam.org;kinotam.pro;kitdns.no;lapublicpress.org;larchmontbuzz.com;lescasinosenligne.ca;lo.cafe;lo.fi;maymobility.com;midwestcards.com;nmindepth.com;porkbun.com;racunalo.com;reciprocity.com;redable.nl;salla.cloud;seized.gov;sequencing.com;spaces.ru;spaceship.net;spboss.in;spcs.bio;ssnc.cloud;streamify360.com;strip2.club;strip2.in;thebedfordcitizen.org;thelansingjournal.com;thisisreno.com;tinyurl.com;toshiba-europe.com;tylerobrien.dev;ubmdns.com;usersporn.com;viralporn.com;wausaupilotandreview.com;wuppertal.de;zaltv.com,257850
2025-05-17,156596,9989,6.378834708421671,156312,284,0,0,False,batesvilletechnology.com;bignet.id;bitcoinmagazine.com;chaika.me;click.press;co.id;columbusunderground.com;com.tr;county10.com;cytiva.com;dashlabs.app;decaturish.com;domainactive.org;dpaste.org;dpbossss.services;emailable.com;enxadahost.com;fayettevilleflyer.com;flwc.cc;foundationdns.com;foundationdns.net;foundationdns.org;gdespaces.net;gorbe.ninja;gov.ua;hackerone.com;hemi.xyz;hennepinhealthcare.org;hostasap.net;informadns.com;kinotam.org;kinotam.pro;kitdns.no;lapublicpress.org;larchmontbuzz.com;lescasinosenligne.ca;lo.cafe;lo.fi;maymobility.com;midwestcards.com;nmindepth.com;porkbun.com;racunalo.com;reciprocity.com;redable.nl;salla.cloud;seized.gov;sequencing.com;spaces.ru;spaceship.net;spboss.in;spcs.bio;ssnc.cloud;streamify360.com;strip2.club;strip2.in;thebedfordcitizen.org;thelansingjournal.com;thisisreno.com;tinyurl.com;toshiba-europe.com;tylerobrien.dev;ubmdns.com;usersporn.com;viralporn.com;wausaupilotandreview.com;wuppertal.de;zaltv.com,258075
2025-05-18,157043,10020,6.380418102048484,156755,287,0,1,False,batesvilletechnology.com;bignet.id;bitcoinmagazine.com;chaika.me;click.press;co.id;columbusunderground.com;com.tr;county10.com;cytiva.com;dashlabs.app;decaturish.com;domainactive.org;dpaste.org;dpbossss.services;emailable.com;enxadahost.com;ezoicns.com;fayettevilleflyer.com;flwc.cc;foundationdns.com;foundationdns.net;foundationdns.org;gdespaces.net;gorbe.ninja;gov.ua;hackerone.com;hemi.xyz;hennepinhealthcare.org;hostasap.net;informadns.com;kinotam.org;kinotam.pro;kitdns.no;lapublicpress.org;larchmontbuzz.com;lescasinosenligne.ca;lo.cafe;lo.fi;maymobility.com;midwestcards.com;nmindepth.com;pointhq.com;porkbun.com;racunalo.com;reciprocity.com;redable.nl;salla.cloud;seized.gov;sequencing.com;spaces.ru;spaceship.net;spboss.in;spcs.bio;ssnc.cloud;streamify360.com;strip2.club;strip2.in;thebedfordcitizen.org;thelansingjournal.com;thisisreno.com;tinyurl.com;toshiba-europe.com;tylerobrien.dev;ubmdns.com;usersporn.com;viralporn.com;wausaupilotandreview.com;wuppertal.de;zaltv.com,258627
2025-05-19,157534,10027,6.36497517996115,157248,284,0,2,False,batesvilletechnology.com;bignet.id;bitcoinmagazine.com;chaika.me;click.press;co.id;columbusunderground.com;com.tr;county10.com;cytiva.com;dashlabs.app;decaturish.com;domainactive.org;dpaste.org;dpbossss.services;emailable.com;enxadahost.com;fayettevilleflyer.com;flwc.cc;foundationdns.com;foundationdns.net;foundationdns.org;gdespaces.net;gorbe.ninja;gov.ua;hemi.xyz;hennepinhealthcare.org;hostasap.net;informadns.com;kinotam.org;kinotam.pro;kitdns.no;lapublicpress.org;larchmontbuzz.com;lescasinosenligne.ca;lo.cafe;lo.fi;maymobility.com;midwestcards.com;nmindepth.com;porkbun.com;racunalo.com;reciprocity.com;redable.nl;salla.cloud;seized.gov;sequencing.com;spaces.ru;spaceship.net;spboss.in;spcs.bio;ssnc.cloud;streamify360.com;strip2.club;strip2.in;thebedfordcitizen.org;thelansingjournal.com;thisisreno.com;tinyurl.com;toshiba-europe.com;tylerobrien.dev;ubmdns.com;usersporn.com;viralporn.com;wausaupilotandreview.com;wuppertal.de;zaltv.com,259495
2025-05-20,157628,10028,6.361813890933083,157344,284,0,0,False,batesvilletechnology.com;bignet.id;bitcoinmagazine.com;chabadonline.com;chaika.me;click.press;co.id;columbusunderground.com;com.tr;county10.com;cytiva.com;dashlabs.app;decaturish.com;domainactive.org;dpaste.org;dpbossss.services;emailable.com;enxadahost.com;fayettevilleflyer.com;flwc.cc;foundationdns.com;foundationdns.net;foundationdns.org;gdespaces.net;gorbe.ninja;gov.ua;hackerone.com;hemi.xyz;hennepinhealthcare.org;hostasap.net;informadns.com;kinotam.org;kinotam.pro;kitdns.no;lapublicpress.org;larchmontbuzz.com;lescasinosenligne.ca;lo.cafe;lo.fi;maymobility.com;midwestcards.com;nmindepth.com;porkbun.com;racunalo.com;reciprocity.com;redable.nl;salla.cloud;seized.gov;sequencing.com;spaces.ru;spaceship.net;spboss.in;spcs.bio;ssnc.cloud;streamify360.com;strip2.club;strip2.in;thebedfordcitizen.org;thelansingjournal.com;thisisreno.com;tinyurl.com;toshiba-europe.com;tylerobrien.dev;ubmdns.com;usersporn.com;viralporn.com;wausaupilotandreview.com;wuppertal.de;zaltv.com,259955
2025-05-21,152798,10101,6.6106886215788165,152535,261,0,2,False,batesvilletechnology.com;bignet.id;bitcoinmagazine.com;chabadonline.com;chaika.me;click.press;co.id;columbusunderground.com;com.tr;county10.com;cytiva.com;dashlabs.app;decaturish.com;dnsowl.com;domainactive.org;dpaste.org;dpbossss.services;emailable.com;enxadahost.com;fayettevilleflyer.com;flwc.cc;foundationdns.com;foundationdns.net;foundationdns.org;gdespaces.net;gorbe.ninja;gov.ua;hackerone.com;hemi.xyz;hennepinhealthcare.org;hostasap.net;informadns.com;kinotam.org;kinotam.pro;kitdns.no;lapublicpress.org;larchmontbuzz.com;lescasinosenligne.ca;lo.cafe;lo.fi;maymobility.com;midwestcards.com;nmindepth.com;porkbun.com;racunalo.com;reciprocity.com;redable.nl;salla.cloud;seized.gov;sequencing.com;spaces.ru;spaceship.net;spboss.in;spcs.bio;ssnc.cloud;streamify360.com;strip2.club;strip2.in;thebedfordcitizen.org;thelansingjournal.com;thisisreno.com;tinyurl.com;toshiba-europe.com;tylerobrien.dev;ubmdns.com;usersporn.com;viralporn.com;wausaupilotandreview.com;wuppertal.de;zaltv.com,253718
2025-05-22,151952,10125,6.663288406865325,151694,257,0,1,False,awau.uk;batesvilletechnology.com;bignet.id;bitcoinmagazine.com;chabadonline.com;chaika.me;click.press;co.id;columbusunderground.com;com.tr;county10.com;cytiva.com;dashlabs.app;decaturish.com;domainactive.org;dpaste.org;dpbossss.services;emailable.com;enxadahost.com;fayettevilleflyer.com;flwc.cc;foundationdns.com;foundationdns.net;foundationdns.org;gdespaces.net;gorbe.ninja;gov.ua;hackerone.com;hemi.xyz;hennepinhealthcare.org;hostasap.net;informadns.com;kinotam.org;kinotam.pro;kitdns.no;lapublicpress.org;larchmontbuzz.com;lescasinosenligne.ca;lo.cafe;lo.fi;maymobility.com;midwestcards.com;nmindepth.com;porkbun.com;racunalo.com;reciprocity.com;redable.nl;salla.cloud;seized.gov;sequencing.com;spaces.ru;spaceship.net;spboss.in;spcs.bio;ssnc.cloud;streamify360.com;strip2.club;strip2.in;thebedfordcitizen.org;thelansingjournal.com;thisisreno.com;tinyurl.com;toshiba-europe.com;tylerobrien.dev;ubmdns.com;usersporn.com;viralporn.com;wausaupilotandreview.com;wuppertal.de;zaltv.com,252404
2025-05-23,152112,10140,6.666140738403281,151856,256,0,0,False,awau.uk;awsdns-19.net;awsdns-33.org;awsdns-36.com;batesvilletechnology.com;bignet.id;bitcoinmagazine.com;chabadonline.com;chaika.me;click.press;co.id;co.uk;columbusunderground.com;com.tr;county10.com;cytiva.com;dashlabs.app;decaturish.com;domainactive.org;dpaste.org;dpbossss.services;emailable.com;enxadahost.com;fayettevilleflyer.com;flwc.cc;foundationdns.com;foundationdns.net;foundationdns.org;gdespaces.net;gorbe.ninja;gov.ua;hackerone.com;hemi.xyz;hennepinhealthcare.org;hostasap.net;informadns.com;kinotam.org;kinotam.pro;kitdns.no;lapublicpress.org;larchmontbuzz.com;lescasinosenligne.ca;lo.cafe;lo.fi;maymobility.com;midwestcards.com;nmindepth.com;porkbun.com;racunalo.com;reciprocity.com;redable.nl;salla.cloud;seized.gov;sequencing.com;spaces.ru;spboss.in;spcs.bio;ssnc.cloud;streamify360.com;strip2.club;strip2.in;thebedfordcitizen.org;thelansingjournal.com;thisisreno.com;tinyurl.com;toshiba-europe.com;tylerobrien.dev;ubmdns.com;usersporn.com;viralporn.com;wausaupilotandreview.com;wuppertal.de;zaltv.com,252689
2025-05-24,152198,10125,6.6525184299399465,151946,252,0,0,False,awau.uk;batesvilletechnology.com;bignet.id;bitcoinmagazine.com;chabadonline.com;chaika.me;click.press;co.id;columbusunderground.com;com.tr;county10.com;cytiva.com;dashlabs.app;decaturish.com;domainactive.org;dpaste.org;dpbossss.services;emailable.com;enxadahost.com;fayettevilleflyer.com;flwc.cc;foundationdns.com;foundationdns.net;foundationdns.org;gdespaces.net;gorbe.ninja;gov.ua;hemi.xyz;hennepinhealthcare.org;hostasap.net;informadns.com;kinotam.org;kinotam.pro;kitdns.no;lapublicpress.org;larchmontbuzz.com;lescasinosenligne.ca;lo.cafe;lo.fi;maymobility.com;midwestcards.com;nmindepth.com;porkbun.com;racunalo.com;reciprocity.com;redable.nl;salla.cloud;seized.gov;sequencing.com;spaces.ru;spaceship.net;spboss.in;spcs.bio;ssnc.cloud;streamify360.com;strip2.club;strip2.in;thebedfordcitizen.org;thelansingjournal.com;thisisreno.com;tinyurl.com;toshiba-europe.com;tylerobrien.dev;ubmdns.com;usersporn.com;viralporn.com;wausaupilotandreview.com;wuppertal.de;zaltv.com,253142
2025-05-25,152288,10132,6.653183441899559,152035,252,0,1,False,awau.uk;batesvilletechnology.com;bignet.id;bitcoinmagazine.com;chabadonline.com;chaika.me;click.press;co.id;columbusunderground.com;com.tr;county10.com;cytiva.com;dashlabs.app;decaturish.com;domainactive.org;dpaste.org;dpbossss.services;emailable.com;enxadahost.com;fayettevilleflyer.com;flwc.cc;foundationdns.com;foundationdns.net;foundationdns.org;gdespaces.net;gorbe.ninja;gov.ua;hemi.xyz;hennepinhealthcare.org;hostasap.net;informadns.com;kinotam.org;kinotam.pro;kitdns.no;lapublicpress.org;larchmontbuzz.com;lescasinosenligne.ca;lo.cafe;lo.fi;maymobility.com;midwestcards.com;nmindepth.com;pointhq.com;porkbun.com;racunalo.com;reciprocity.com;redable.nl;salla.cloud;seized.gov;sequencing.com;spaces.ru;spboss.in;spcs.bio;ssnc.cloud;streamify360.com;strip2.club;strip2.in;thebedfordcitizen.org;thelansingjournal.com;thisisreno.com;tinyurl.com;toshiba-europe.com;tylerobrien.dev;ubmdns.com;usersporn.com;viralporn.com;wausaupilotandreview.com;wuppertal.de;zaltv.com,253207
2025-05-26,152325,10141,6.6574757918923355,152073,251,0,1,False,awau.uk;batesvilletechnology.com;bignet.id;bitcoinmagazine.com;chabadonline.com;chaika.me;click.press;co.id;columbusunderground.com;com.tr;county10.com;cytiva.com;dashlabs.app;decaturish.com;domainactive.org;dpaste.org;dpbossss.services;emailable.com;enxadahost.com;fayettevilleflyer.com;flwc.cc;foundationdns.com;foundationdns.net;foundationdns.org;gdespaces.net;gorbe.ninja;gov.ua;hemi.xyz;hennepinhealthcare.org;hostasap.net;informadns.com;kinotam.org;kinotam.pro;kitdns.no;lapublicpress.org;larchmontbuzz.com;lescasinosenligne.ca;lo.cafe;lo.fi;maymobility.com;midwestcards.com;nmindepth.com;pointhq.com;porkbun.com;racunalo.com;reciprocity.com;redable.nl;salla.cloud;seized.gov;sequencing.com;spaces.ru;spboss.in;spcs.bio;ssnc.cloud;streamify360.com;strip2.club;strip2.in;thebedfordcitizen.org;thelansingjournal.com;thisisreno.com;tinyurl.com;toshiba-europe.com;tylerobrien.dev;ubmdns.com;usersporn.com;viralporn.com;wausaupilotandreview.com;wuppertal.de;zaltv.com,254017
2025-05-27,151220,10148,6.710752545959529,150989,229,0,2,False,awau.uk;batesvilletechnology.com;bignet.id;bitcoinmagazine.com;chabadonline.com;chaika.me;click.press;co.id;columbusunderground.com;com.tr;county10.com;cytiva.com;dashlabs.app;decaturish.com;domainactive.org;dpaste.org;dpbossss.services;emailable.com;enxadahost.com;fayettevilleflyer.com;flwc.cc;foundationdns.com;foundationdns.net;foundationdns.org;gdespaces.net;gorbe.ninja;gov.ua;hemi.xyz;hennepinhealthcare.org;hostasap.net;informadns.com;kinotam.org;kinotam.pro;kitdns.no;lapublicpress.org;larchmontbuzz.com;lescasinosenligne.ca;lo.cafe;lo.fi;maymobility.com;midwestcards.com;monoverse.com;nmindepth.com;porkbun.com;racunalo.com;reciprocity.com;redable.nl;salla.cloud;seized.gov;sequencing.com;spaces.ru;spboss.in;spcs.bio;ssnc.cloud;streamify360.com;strip2.club;strip2.in;thebedfordcitizen.org;thelansingjournal.com;thisisreno.com;tinyurl.com;toshiba-europe.com;tylerobrien.dev;ubmdns.com;usersporn.com;viralporn.com;wausaupilotandreview.com;wuppertal.de;zaltv.com,254162
2025-05-28,151194,10155,6.716536370490893,150968,225,0,1,False,awau.uk;batesvilletechnology.com;bignet.id;bitcoinmagazine.com;chabadonline.com;chaika.me;click.press;co.id;columbusunderground.com;com.tr;county10.com;cytiva.com;dashlabs.app;decaturish.com;domainactive.org;dpaste.org;dpbossss.services;emailable.com;enxadahost.com;fayettevilleflyer.com;flwc.cc;foundationdns.com;foundationdns.net;foundationdns.org;foxanto.dev;gdespaces.net;gorbe.ninja;gov.ua;hemi.xyz;hennepinhealthcare.org;hostasap.net;informadns.com;kinotam.org;kinotam.pro;kitdns.no;lapublicpress.org;larchmontbuzz.com;lescasinosenligne.ca;lo.cafe;lo.fi;maymobility.com;midwestcards.com;monoverse.com;nmindepth.com;porkbun.com;racunalo.com;reciprocity.com;redable.nl;salla.cloud;seized.gov;sequencing.com;spaces.ru;spboss.in;spcs.bio;ssnc.cloud;streamify360.com;strip2.club;strip2.in;thebedfordcitizen.org;thelansingjournal.com;thisisreno.com;tinyurl.com;toshiba-europe.com;tylerobrien.dev;ubmdns.com;usersporn.com;viralporn.com;wausaupilotandreview.com;wuppertal.de;zaltv.com,254346
2025-05-29,151162,10163,6.723250552387505,150937,225,0,0,False,awau.uk;batesvilletechnology.com;bignet.id;bitcoinmagazine.com;chabadonline.com;chaika.me;click.press;co.id;columbusunderground.com;com.tr;county10.com;cytiva.com;dashlabs.app;decaturish.com;domainactive.org;dpaste.org;dpbossss.services;emailable.com;enxadahost.com;fayettevilleflyer.com;flwc.cc;foundationdns.com;foundationdns.net;foundationdns.org;foxanto.dev;gdespaces.net;gorbe.ninja;gov.ua;hemi.xyz;hennepinhealthcare.org;hostasap.net;informadns.com;kinotam.org;kinotam.pro;kitdns.no;lapublicpress.org;larchmontbuzz.com;lescasinosenligne.ca;lo.cafe;lo.fi;maymobility.com;midwestcards.com;monoverse.com;nmindepth.com;porkbun.com;racunalo.com;reciprocity.com;redable.nl;salla.cloud;seized.gov;sequencing.com;spaces.ru;spboss.in;spcs.bio;ssnc.cloud;streamify360.com;strip2.club;strip2.in;syshosting.com;thebedfordcitizen.org;thelansingjournal.com;thisisreno.com;tinyurl.com;toshiba-europe.com;tylerobrien.dev;ubmdns.com;usersporn.com;viralporn.com;wausaupilotandreview.com;wuppertal.de;zaltv.com,254575
2025-05-30,152661,10154,6.6513385868034405,152431,229,0,1,False,awau.uk;batesvilletechnology.com;bignet.id;bitcoinmagazine.com;chabadonline.com;chaika.me;click.press;co.id;columbusunderground.com;com.tr;county10.com;cytiva.com;dashlabs.app;decaturish.com;dnspod.net;domainactive.org;dpaste.org;dpbossss.services;emailable.com;enxadahost.com;fayettevilleflyer.com;flwc.cc;foundationdns.com;foundationdns.net;foundationdns.org;foxanto.dev;gdespaces.net;gorbe.ninja;gov.ua;hemi.xyz;hennepinhealthcare.org;hostasap.net;informadns.com;kinotam.org;kinotam.pro;kitdns.no;lapublicpress.org;larchmontbuzz.com;lescasinosenligne.ca;lo.cafe;lo.fi;maymobility.com;midwestcards.com;nmindepth.com;porkbun.com;racunalo.com;reciprocity.com;redable.nl;salla.cloud;seized.gov;sequencing.com;spaces.ru;spboss.in;spcs.bio;ssnc.cloud;streamify360.com;strip2.club;strip2.in;thebedfordcitizen.org;thelansingjournal.com;thisisreno.com;tinyurl.com;toshiba-europe.com;tylerobrien.dev;ubmdns.com;usersporn.com;viralporn.com;wausaupilotandreview.com;wuppertal.de;zaltv.com,256131
2025-05-31,152686,10163,6.6561439817665,152456,230,0,0,False,awau.uk;batesvilletechnology.com;bignet.id;bitcoinmagazine.com;chabadonline.com;chaika.me;click.press;co.id;columbusunderground.com;com.tr;county10.com;cytiva.com;dashlabs.app;decaturish.com;domainactive.org;dpaste.org;dpbossss.services;emailable.com;enxadahost.com;fayettevilleflyer.com;flwc.cc;foundationdns.com;foundationdns.net;foundationdns.org;foxanto.dev;gdespaces.net;gorbe.ninja;gov.ua;hemi.xyz;hennepinhealthcare.org;hostasap.net;informadns.com;kinotam.org;kinotam.pro;kitdns.no;lapublicpress.org;larchmontbuzz.com;lescasinosenligne.ca;lo.cafe;lo.fi;maymobility.com;midwestcards.com;nmindepth.com;porkbun.com;racunalo.com;reciprocity.com;redable.nl;registrar-servers.com;salla.cloud;seized.gov;sequencing.com;spaces.ru;spaceship.net;spboss.in;spcs.bio;ssnc.cloud;streamify360.com;strip2.club;strip2.in;thebedfordcitizen.org;thelansingjournal.com;thisisreno.com;tinyurl.com;toshiba-europe.com;tylerobrien.dev;ubmdns.com;usersporn.com;viralporn.com;wausaupilotandreview.com;wuppertal.de;zaltv.com,256058
2025-06-01,151096,10177,6.735452957060412,150868,226,0,2,False,awau.uk;batesvilletechnology.com;bignet.id;bitcoinmagazine.com;chabadonline.com;chaika.me;click.press;co.id;columbusunderground.com;com.tr;county10.com;cytiva.com;dashlabs.app;decaturish.com;domainactive.org;dpaste.org;dpbossss.services;emailable.com;enxadahost.com;fayettevilleflyer.com;flwc.cc;foundationdns.com;foundationdns.net;foundationdns.org;foxanto.dev;gdespaces.net;gorbe.ninja;gov.ua;hemi.xyz;hennepinhealthcare.org;hostasap.net;informadns.com;kinotam.org;kinotam.pro;kitdns.no;lapublicpress.org;larchmontbuzz.com;lescasinosenligne.ca;lo.cafe;lo.fi;maymobility.com;midwestcards.com;monoverse.com;nmindepth.com;porkbun.com;racunalo.com;reciprocity.com;redable.nl;salla.cloud;seized.gov;sequencing.com;spaces.ru;spaceship.net;spboss.in;spcs.bio;ssnc.cloud;streamify360.com;strip2.club;strip2.in;thebedfordcitizen.org;thelansingjournal.com;thisisreno.com;tinyurl.com;toshiba-europe.com;tylerobrien.dev;ubmdns.com;usersporn.com;viralporn.com;wausaupilotandreview.com;wuppertal.de;zaltv.com,255566
2025-06-02,152658,10191,6.675706481153952,152431,225,0,2,False,awau.uk;batesvilletechnology.com;bignet.id;bitcoinmagazine.com;chabadonline.com;chaika.me;click.press;co.id;columbusunderground.com;com.tr;county10.com;cytiva.com;dashlabs.app;decaturish.com;domainactive.org;dpaste.org;dpbossss.services;emailable.com;enxadahost.com;fayettevilleflyer.com;flwc.cc;foundationdns.com;foundationdns.net;foundationdns.org;foxanto.dev;gdespaces.net;gorbe.ninja;gov.ua;hemi.xyz;hennepinhealthcare.org;hostasap.net;informadns.com;kinotam.org;kinotam.pro;kitdns.no;lapublicpress.org;larchmontbuzz.com;lescasinosenligne.ca;lo.cafe;lo.fi;maymobility.com;midwestcards.com;nmindepth.com;porkbun.com;racunalo.com;reciprocity.com;redable.nl;salla.cloud;seized.gov;sequencing.com;spaces.ru;spaceship.net;spboss.in;spcs.bio;ssnc.cloud;streamify360.com;strip2.club;strip2.in;thebedfordcitizen.org;thelansingjournal.com;thisisreno.com;tinyurl.com;toshiba-europe.com;tylerobrien.dev;ubmdns.com;usersporn.com;viralporn.com;wausaupilotandreview.com;wuppertal.de;zaltv.com,256247
2025-06-03,152355,10193,6.690295690984871,152126,228,0,1,False,awau.uk;batesvilletechnology.com;bignet.id;bitcoinmagazine.com;chabadonline.com;chaika.me;click.press;co.id;columbusunderground.com;com.tr;county10.com;cytiva.com;dashlabs.app;decaturish.com;domainactive.org;dpaste.org;dpbossss.services;emailable.com;enxadahost.com;fayettevilleflyer.com;flwc.cc;foundationdns.com;foundationdns.net;foundationdns.org;foxanto.dev;gdespaces.net;gorbe.ninja;gov.ua;hemi.xyz;hennepinhealthcare.org;hostasap.net;informadns.com;kinotam.org;kinotam.pro;kitdns.no;lapublicpress.org;larchmontbuzz.com;lescasinosenligne.ca;lo.cafe;lo.fi;maymobility.com;midwestcards.com;nmindepth.com;porkbun.com;racunalo.com;reciprocity.com;redable.nl;salla.cloud;seized.gov;sequencing.com;spaces.ru;spaceship.net;spboss.in;spcs.bio;ssnc.cloud;streamify360.com;strip2.club;strip2.in;thebedfordcitizen.org;thelansingjournal.com;thisisreno.com;tinyurl.com;toshiba-europe.com;tylerobrien.dev;ubmdns.com;usersporn.com;viralporn.com;wausaupilotandreview.com;wuppertal.de;zaltv.com,256000
2025-06-04,152292,10184,6.687153625929136,152059,229,0,4,False,awau.uk;batesvilletechnology.com;bignet.id;bitcoinmagazine.com;chabadonline.com;chaika.me;click.press;co.id;columbusunderground.com;com.tr;county10.com;cytiva.com;dashlabs.app;decaturish.com;domainactive.org;dpaste.org;dpbossss.services;emailable.com;enxadahost.com;fayettevilleflyer.com;flwc.cc;foundationdns.com;foundationdns.net;foundationdns.org;foxanto.dev;gdespaces.net;gorbe.ninja;gov.ua;hemi.xyz;hennepinhealthcare.org;hostasap.net;informadns.com;kinotam.org;kinotam.pro;kitdns.no;lapublicpress.org;larchmontbuzz.com;lescasinosenligne.ca;lo.cafe;lo.fi;maymobility.com;midwestcards.com;nmindepth.com;porkbun.com;racunalo.com;reciprocity.com;redable.nl;registrar-servers.com;salla.cloud;seized.gov;sequencing.com;spaces.ru;spaceship.net;spboss.in;spcs.bio;ssnc.cloud;streamify360.com;strip2.club;strip2.in;thebedfordcitizen.org;thelansingjournal.com;thisisreno.com;tinyurl.com;toshiba-europe.com;tylerobrien.dev;ubmdns.com;usersporn.com;viralporn.com;wausaupilotandreview.com;wuppertal.de;zaltv.com,256383
2025-06-05,152275,10183,6.687243473978001,152045,228,0,2,False,awau.uk;batesvilletechnology.com;bignet.id;bitcoinmagazine.com;chabadonline.com;chaika.me;click.press;co.id;columbusunderground.com;com.tr;county10.com;cytiva.com;dashlabs.app;decaturish.com;domainactive.org;dpaste.org;dpbossss.services;emailable.com;enxadahost.com;fayettevilleflyer.com;flwc.cc;foundationdns.com;foundationdns.net;foundationdns.org;foxanto.dev;gdespaces.net;gorbe.ninja;gov.ua;hemi.xyz;hennepinhealthcare.org;hostasap.net;informadns.com;kinotam.org;kinotam.pro;kitdns.no;lapublicpress.org;larchmontbuzz.com;lescasinosenligne.ca;lo.cafe;lo.fi;maymobility.com;midwestcards.com;nmindepth.com;porkbun.com;racunalo.com;reciprocity.com;redable.nl;salla.cloud;seized.gov;sequencing.com;spaces.ru;spaceship.net;spboss.in;spcs.bio;ssnc.cloud;streamify360.com;strip2.club;strip2.in;thebedfordcitizen.org;thelansingjournal.com;thisisreno.com;tinyurl.com;toshiba-europe.com;tylerobrien.dev;ubmdns.com;usersporn.com;viralporn.com;wausaupilotandreview.com;wuppertal.de;zaltv.com,256414
2025-06-06,152632,10129,6.636223072488076,152409,220,0,3,False,awau.uk;batesvilletechnology.com;bignet.id;bitcoinmagazine.com;chabadonline.com;chaika.me;click.press;co.id;columbusunderground.com;com.tr;county10.com;cytiva.com;dashlabs.app;decaturish.com;domainactive.org;dpaste.org;dpbossss.services;emailable.com;enxadahost.com;fayettevilleflyer.com;flwc.cc;foundationdns.com;foundationdns.net;foundationdns.org;foxanto.dev;gdespaces.net;gorbe.ninja;gov.ua;hemi.xyz;hennepinhealthcare.org;hoplun.com;hostasap.net;informadns.com;kinotam.org;kinotam.pro;kitdns.no;lapublicpress.org;larchmontbuzz.com;lescasinosenligne.ca;lo.cafe;lo.fi;maymobility.com;midwestcards.com;nmindepth.com;porkbun.com;racunalo.com;reciprocity.com;redable.nl;salla.cloud;seized.gov;sequencing.com;spaces.ru;spaceship.net;spboss.in;spcs.bio;ssnc.cloud;streamify360.com;strip2.club;strip2.in;thebedfordcitizen.org;thelansingjournal.com;thisisreno.com;tinyurl.com;toshiba-europe.com;tylerobrien.dev;ubmdns.com;usersporn.com;viralporn.com;wausaupilotandreview.com;wuppertal.de;zaltv.com,257547
2025-06-07,152641,10132,6.637797184242766,152421,216,0,4,False,awau.uk;batesvilletechnology.com;bignet.id;bitcoinmagazine.com;chabadonline.com;chaika.me;click.press;co.id;columbusunderground.com;com.tr;county10.com;cytiva.com;dashlabs.app;decaturish.com;domainactive.org;dpaste.org;dpbossss.services;emailable.com;enxadahost.com;fayettevilleflyer.com;flwc.cc;foundationdns.com;foundationdns.net;foundationdns.org;foxanto.dev;gdespaces.net;gorbe.ninja;gov.ua;hemi.xyz;hennepinhealthcare.org;hoplun.com;hostasap.net;informadns.com;kinotam.org;kinotam.pro;kitdns.no;lapublicpress.org;larchmontbuzz.com;lescasinosenligne.ca;lo.cafe;maymobility.com;midwestcards.com;nmindepth.com;porkbun.com;racunalo.com;reciprocity.com;redable.nl;salla.cloud;seized.gov;sequencing.com;spaces.ru;spaceship.net;spboss.in;spcs.bio;ssnc.cloud;streamify360.com;strip2.club;strip2.in;thebedfordcitizen.org;thelansingjournal.com;thisisreno.com;tinyurl.com;toshiba-europe.com;tylerobrien.dev;ubmdns.com;usersporn.com;viralporn.com;wausaupilotandreview.com;wuppertal.de;zaltv.com,257487
2025-06-08,152656,10138,6.641075358977046,152437,218,0,1,False,awau.uk;awsdns-11.com;awsdns-43.net;awsdns-61.org;batesvilletechnology.com;bignet.id;bitcoinmagazine.com;chabadonline.com;chaika.me;click.press;co.id;co.uk;columbusunderground.com;com.tr;county10.com;cytiva.com;dashlabs.app;decaturish.com;domainactive.org;dpaste.org;dpbossss.services;emailable.com;enxadahost.com;fayettevilleflyer.com;flwc.cc;foundationdns.com;foundationdns.net;foundationdns.org;foxanto.dev;gdespaces.net;gorbe.ninja;gov.ua;hemi.xyz;hennepinhealthcare.org;hoplun.com;hostasap.net;informadns.com;kinotam.org;kinotam.pro;kitdns.no;lapublicpress.org;larchmontbuzz.com;lescasinosenligne.ca;lo.cafe;maymobility.com;midwestcards.com;nmindepth.com;porkbun.com;racunalo.com;reciprocity.com;redable.nl;salla.cloud;seized.gov;sequencing.com;spaces.ru;spaceship.net;spboss.in;spcs.bio;ssnc.cloud;streamify360.com;strip2.club;strip2.in;thebedfordcitizen.org;thelansingjournal.com;thisisreno.com;tinyurl.com;toshiba-europe.com;tylerobrien.dev;ubmdns.com;usersporn.com;viralporn.com;wausaupilotandreview.com;wuppertal.de;zaltv.com,257532
2025-06-09,156096,10017,6.417204797047971,155879,216,0,1,False,awau.uk;batesvilletechnology.com;bignet.id;bitcoinmagazine.com;chabadonline.com;chaika.me;click.press;co.id;columbusunderground.com;com.tr;county10.com;cytiva.com;dashlabs.app;decaturish.com;domainactive.org;dpaste.org;dpbossss.services;emailable.com;enxadahost.com;fayettevilleflyer.com;flwc.cc;foundationdns.com;foundationdns.net;foundationdns.org;foxanto.dev;gdespaces.net;gorbe.ninja;gov.ua;hemi.xyz;hennepinhealthcare.org;hoplun.com;hostasap.net;informadns.com;kinotam.org;kinotam.pro;kitdns.no;larchmontbuzz.com;lescasinosenligne.ca;lo.cafe;maymobility.com;nmindepth.com;porkbun.com;racunalo.com;reciprocity.com;redable.nl;salla.cloud;seized.gov;sequencing.com;spaces.ru;spaceship.net;spboss.in;spcs.bio;ssnc.cloud;streamify360.com;strip2.club;strip2.in;thebedfordcitizen.org;thelansingjournal.com;thisisreno.com;tinyurl.com;toshiba-europe.com;tylerobrien.dev;ubmdns.com;usersporn.com;viralporn.com;wausaupilotandreview.com;wuppertal.de;zaltv.com,262970
2025-06-10,155025,9986,6.441541686824706,154814,210,0,1,False,awau.uk;batesvilletechnology.com;bignet.id;bitcoinmagazine.com;chabadonline.com;chaika.me;click.press;co.id;columbusunderground.com;com.tr;county10.com;cytiva.com;dashlabs.app;decaturish.com;domainactive.org;dpaste.org;dpbossss.services;emailable.com;enxadahost.com;fayettevilleflyer.com;flwc.cc;foundationdns.com;foundationdns.net;foundationdns.org;foxanto.dev;gdespaces.net;gorbe.ninja;gov.ua;hemi.xyz;hennepinhealthcare.org;hoplun.com;hostasap.net;informadns.com;kinotam.org;kinotam.pro;kitdns.no;larchmontbuzz.com;lescasinosenligne.ca;lo.cafe;maymobility.com;nmindepth.com;porkbun.com;racunalo.com;reciprocity.com;redable.nl;salla.cloud;seized.gov;sequencing.com;spaces.ru;spaceship.net;spboss.in;spcs.bio;ssnc.cloud;streamify360.com;strip2.club;strip2.in;thebedfordcitizen.org;thelansingjournal.com;thisisreno.com;tinyurl.com;toshiba-europe.com;tylerobrien.dev;ubmdns.com;usersporn.com;viralporn.com;wausaupilotandreview.com;wuppertal.de;zaltv.com,264934
2025-06-11,154859,9978,6.443280661763281,154648,210,0,1,False,awau.uk;batesvilletechnology.com;bignet.id;bitcoinmagazine.com;chabadonline.com;chaika.me;click.press;co.id;columbusunderground.com;com.tr;county10.com;cytiva.com;dashlabs.app;decaturish.com;domainactive.org;dpaste.org;dpbossss.services;emailable.com;enxadahost.com;fayettevilleflyer.com;flwc.cc;foundationdns.com;foundationdns.net;foundationdns.org;foxanto.dev;gdespaces.net;gorbe.ninja;gov.ua;hemi.xyz;hennepinhealthcare.org;hoplun.com;hostasap.net;informadns.com;kinotam.org;kinotam.pro;kitdns.no;larchmontbuzz.com;lescasinosenligne.ca;lo.cafe;maymobility.com;nmindepth.com;racunalo.com;reciprocity.com;redable.nl;salla.cloud;seized.gov;sequencing.com;spaces.ru;spaceship.net;spboss.in;spcs.bio;ssnc.cloud;streamify360.com;strip2.club;strip2.in;thebedfordcitizen.org;thelansingjournal.com;thisisreno.com;tinyurl.com;toshiba-europe.com;tylerobrien.dev;ubmdns.com;usersporn.com;viralporn.com;wausaupilotandreview.com;wuppertal.de;zaltv.com,266325
2025-06-12,155003,9961,6.426327232376147,154791,210,0,2,False,awau.uk;batesvilletechnology.com;bignet.id;bitcoinmagazine.com;chabadonline.com;chaika.me;click.press;co.id;columbusunderground.com;com.tr;county10.com;cytiva.com;dashlabs.app;decaturish.com;domainactive.org;dpaste.org;dpbossss.services;emailable.com;enxadahost.com;fayettevilleflyer.com;firstvds.ru;flwc.cc;foundationdns.com;foundationdns.net;foundationdns.org;foxanto.dev;gdespaces.net;gorbe.ninja;gov.ua;hemi.xyz;hennepinhealthcare.org;hoplun.com;hostasap.net;informadns.com;kinotam.org;kinotam.pro;kitdns.no;larchmontbuzz.com;lescasinosenligne.ca;lo.cafe;maymobility.com;nmindepth.com;racunalo.com;reciprocity.com;redable.nl;salla.cloud;seized.gov;sequencing.com;spaces.ru;spaceship.net;spboss.in;spcs.bio;ssnc.cloud;streamify360.com;strip2.club;strip2.in;thebedfordcitizen.org;thelansingjournal.com;thisisreno.com;tinyurl.com;toshiba-europe.com;tylerobrien.dev;ubmdns.com;usersporn.com;viralporn.com;wausaupilotandreview.com;wuppertal.de;zaltv.com,266668
2025-06-13,155140,9940,6.407116153151991,154928,210,0,2,False,awau.uk;batesvilletechnology.com;bignet.id;bitcoinmagazine.com;chabadonline.com;chaika.me;click.press;co.id;columbusunderground.com;com.tr;county10.com;cytiva.com;dashlabs.app;decaturish.com;domainactive.org;dpaste.org;dpbossss.services;emailable.com;enxadahost.com;fayettevilleflyer.com;flwc.cc;foundationdns.com;foundationdns.net;foundationdns.org;foxanto.dev;gdespaces.net;gorbe.ninja;gov.ua;hemi.xyz;hennepinhealthcare.org;hostasap.net;informadns.com;kinotam.org;kinotam.pro;kitdns.no;larchmontbuzz.com;lescasinosenligne.ca;lo.cafe;maymobility.com;nmindepth.com;psi.id;racunalo.com;reciprocity.com;redable.nl;salla.cloud;seized.gov;sequencing.com;spaces.ru;spaceship.net;spboss.in;spcs.bio;ssnc.cloud;streamify360.com;strip2.club;strip2.in;thebedfordcitizen.org;thelansingjournal.com;thisisreno.com;tinyurl.com;toshiba-europe.com;tylerobrien.dev;ubmdns.com;usersporn.com;viralporn.com;wausaupilotandreview.com;wuppertal.de;zaltv.com,266957
2025-06-14,155277,9947,6.405971264256779,155067,208,0,2,False,awau.uk;batesvilletechnology.com;bignet.id;bitcoinmagazine.com;chabadonline.com;chaika.me;click.press;co.id;columbusunderground.com;com.bd;com.tr;county10.com;cytiva.com;dashlabs.app;decaturish.com;domainactive.org;dpaste.org;dpbossss.services;emailable.com;enxadahost.com;fayettevilleflyer.com;flwc.cc;foundationdns.com;foundationdns.net;foundationdns.org;foxanto.dev;gdespaces.net;gorbe.ninja;gov.ua;hemi.xyz;hennepinhealthcare.org;hoplun.com;hostasap.net;informadns.com;kinotam.org;kinotam.pro;kitdns.no;larchmontbuzz.com;lescasinosenligne.ca;lo.cafe;maymobility.com;psi.id;racunalo.com;reciprocity.com;redable.nl;salla.cloud;seized.gov;sequencing.com;spaces.ru;spaceship.net;spboss.in;spcs.bio;ssnc.cloud;streamify360.com;strip2.club;strip2.in;thebedfordcitizen.org;thelansingjournal.com;thisisreno.com;tinyurl.com;toshiba-europe.com;tylerobrien.dev;ubmdns.com;usersporn.com;viralporn.com;wausaupilotandreview.com;wuppertal.de;zaltv.com,267174
2025-06-15,155548,9948,6.395453493455397,155338,208,0,2,False,awau.uk;batesvilletechnology.com;bignet.id;bitcoinmagazine.com;chabadonline.com;chaika.me;click.press;co.id;columbusunderground.com;com.bd;com.tr;county10.com;cytiva.com;dashlabs.app;decaturish.com;domainactive.org;dpaste.org;dpbossss.services;emailable.com;enxadahost.com;fayettevilleflyer.com;flwc.cc;foundationdns.com;foundationdns.net;foundationdns.org;foxanto.dev;gdespaces.net;gorbe.ninja;gov.ua;hemi.xyz;hennepinhealthcare.org;hoplun.com;hostasap.net;informadns.com;kinotam.org;kinotam.pro;kitdns.no;larchmontbuzz.com;lescasinosenligne.ca;lo.cafe;maymobility.com;psi.id;racunalo.com;reciprocity.com;redable.nl;salla.cloud;seized.gov;sequencing.com;spaces.ru;spaceship.net;spboss.in;spcs.bio;ssnc.cloud;streamify360.com;strip2.club;strip2.in;thebedfordcitizen.org;thelansingjournal.com;thisisreno.com;tinyurl.com;toshiba-europe.com;tylerobrien.dev;ubmdns.com;usersporn.com;viralporn.com;wausaupilotandreview.com;wuppertal.de;zaltv.com,267270
2025-06-18,149562,9941,6.646741819446116,149354,206,0,2,False,awau.uk;batesvilletechnology.com;bignet.id;bitcoinmagazine.com;chabadonline.com;chaika.me;click.press;co.id;columbusunderground.com;com.bd;com.tr;county10.com;cytiva.com;dashlabs.app;decaturish.com;domainactive.org;dpaste.org;dpbossss.services;emailable.com;enxadahost.com;fayettevilleflyer.com;flwc.cc;foundationdns.com;foundationdns.net;foundationdns.org;gdespaces.net;gorbe.ninja;gov.ua;hemi.xyz;hennepinhealthcare.org;hoplun.com;hostasap.net;informadns.com;kinotam.org;kinotam.pro;kitdns.no;lapublicpress.org;larchmontbuzz.com;lescasinosenligne.ca;lo.cafe;maymobility.com;monoverse.com;nmindepth.com;psi.id;racunalo.com;reciprocity.com;redable.nl;salla.cloud;seized.gov;sequencing.com;spaces.ru;spaceship.net;spboss.in;spcs.bio;ssnc.cloud;streamify360.com;strip2.club;strip2.in;thebedfordcitizen.org;thelansingjournal.com;thisisreno.com;tinyurl.com;toshiba-europe.com;tylerobrien.dev;ubmdns.com;usersporn.com;viralporn.com;wausaupilotandreview.com;wuppertal.de;zaltv.com,264416
2025-06-19,149407,9923,6.641589751484201,149207,200,0,0,False,awau.uk;batesvilletechnology.com;bignet.id;bitcoinmagazine.com;chaika.me;click.press;co.id;columbusunderground.com;com.tr;county10.com;cytiva.com;dashlabs.app;domainactive.org;dpaste.org;dpbossss.services;emailable.com;enxadahost.com;fayettevilleflyer.com;flwc.cc;foundationdns.com;foundationdns.net;foundationdns.org;gdespaces.net;gorbe.ninja;gov.ua;hemi.xyz;hennepinhealthcare.org;hoplun.com;hostasap.net;informadns.com;kinotam.org;kinotam.pro;kitdns.no;lapublicpress.org;larchmontbuzz.com;lescasinosenligne.ca;lo.cafe;maymobility.com;monoverse.com;nmindepth.com;psi.id;racunalo.com;reciprocity.com;redable.nl;salla.cloud;seized.gov;sequencing.com;spaces.ru;spaceship.net;spboss.in;spcs.bio;ssnc.cloud;streamify360.com;strip2.club;strip2.in;thebedfordcitizen.org;thelansingjournal.com;thisisreno.com;tinyurl.com;toshiba-europe.com;tylerobrien.dev;ubmdns.com;usersporn.com;viralporn.com;wausaupilotandreview.com;wuppertal.de;zaltv.com,265812
2025-06-20,149451,9926,6.641641742109454,149251,199,0,1,False,austinregionalclinic.com;awau.uk;batesvilletechnology.com;bignet.id;bitcoinmagazine.com;chaika.me;click.press;co.id;columbusunderground.com;com.tr;county10.com;cytiva.com;dashlabs.app;domainactive.org;dpaste.org;dpbossss.services;emailable.com;enxadahost.com;fayettevilleflyer.com;flwc.cc;foundationdns.com;foundationdns.net;foundationdns.org;gdespaces.net;gorbe.ninja;gov.ua;hemi.xyz;hennepinhealthcare.org;hoplun.com;hostasap.net;informadns.com;ixyrmedia.com;kinotam.org;kinotam.pro;kitdns.no;lapublicpress.org;larchmontbuzz.com;lo.cafe;maymobility.com;monoverse.com;nmindepth.com;psi.id;racunalo.com;reciprocity.com;redable.nl;salla.cloud;sequencing.com;spaces.ru;spaceship.net;spboss.in;spcs.bio;ssnc.cloud;streamify360.com;strip2.club;strip2.in;thebedfordcitizen.org;thelansingjournal.com;thisisreno.com;tinyurl.com;toshiba-europe.com;tylerobrien.dev;ubmdns.com;usersporn.com;viralporn.com;wausaupilotandreview.com;wuppertal.de;zaltv.com,266932
2025-06-21,149530,9935,6.644151675249114,149327,203,0,0,False,austinregionalclinic.com;awau.uk;batesvilletechnology.com;bignet.id;bitcoinmagazine.com;chaika.me;click.press;co.id;columbusunderground.com;com.tr;county10.com;cytiva.com;dashlabs.app;domainactive.org;dpaste.org;dpbossss.services;emailable.com;enxadahost.com;fayettevilleflyer.com;flwc.cc;foundationdns.com;foundationdns.net;foundationdns.org;gdespaces.net;gorbe.ninja;gov.ua;hemi.xyz;hennepinhealthcare.org;hoplun.com;hostasap.net;informadns.com;ixyrmedia.com;kinotam.org;kinotam.pro;kitdns.no;lapublicpress.org;larchmontbuzz.com;lo.cafe;maymobility.com;monoverse.com;net.ba;nmindepth.com;nu11-p0inter.ru;psi.id;racunalo.com;reciprocity.com;redable.nl;salla.cloud;seized.gov;sequencing.com;spaces.ru;spaceship.net;spboss.in;spcs.bio;ssnc.cloud;streamify360.com;strip2.club;strip2.in;thebedfordcitizen.org;thelansingjournal.com;thisisreno.com;tinyurl.com;toshiba-europe.com;tylerobrien.dev;ubmdns.com;usersporn.com;viralporn.com;wausaupilotandreview.com;wuppertal.de;zaltv.com,265190
2025-06-22,149542,9950,6.653649142047051,149340,202,0,0,False,austinregionalclinic.com;awau.uk;batesvilletechnology.com;bignet.id;bitcoinmagazine.com;chaika.me;click.press;co.id;columbusunderground.com;com.tr;county10.com;cytiva.com;dashlabs.app;domainactive.org;dpaste.org;dpbossss.services;emailable.com;enxadahost.com;fayettevilleflyer.com;flwc.cc;foundationdns.com;foundationdns.net;foundationdns.org;gdespaces.net;gorbe.ninja;gov.ua;hemi.xyz;hennepinhealthcare.org;hoplun.com;hostasap.net;informadns.com;ixyrmedia.com;kinotam.org;kinotam.pro;kitdns.no;lapublicpress.org;larchmontbuzz.com;lo.cafe;maymobility.com;monoverse.com;nmindepth.com;nu11-p0inter.ru;psi.id;racunalo.com;reciprocity.com;redable.nl;salla.cloud;seized.gov;sequencing.com;spaces.ru;spaceship.net;spboss.in;spcs.bio;ssnc.cloud;streamify360.com;strip2.club;strip2.in;thebedfordcitizen.org;thelansingjournal.com;thisisreno.com;tinyurl.com;toshiba-europe.com;tylerobrien.dev;ubmdns.com;usersporn.com;viralporn.com;wausaupilotandreview.com;wuppertal.de;zaltv.com,266894
2025-06-23,148772,9981,6.708923722205791,148569,202,0,1,False,austinregionalclinic.com;awau.uk;batesvilletechnology.com;bignet.id;bitcoinmagazine.com;chaika.me;click.press;co.id;columbusunderground.com;com.tr;county10.com;cytiva.com;dashlabs.app;domainactive.org;dpaste.org;dpbossss.services;emailable.com;enxadahost.com;fayettevilleflyer.com;flwc.cc;foundationdns.com;foundationdns.net;foundationdns.org;fuckbym3.dad;gdespaces.net;gorbe.ninja;gov.ua;hemi.xyz;hennepinhealthcare.org;hoplun.com;hostasap.net;informadns.com;ixyrmedia.com;kinotam.org;kinotam.pro;kitdns.no;lapublicpress.org;larchmontbuzz.com;lo.cafe;maymobility.com;monoverse.com;nmindepth.com;nu11-p0inter.ru;psi.id;racunalo.com;reciprocity.com;redable.nl;rspnet.jp;salla.cloud;sequencing.com;spaces.ru;spaceship.net;spboss.in;spcs.bio;ssnc.cloud;streamify360.com;strip2.club;strip2.in;thebedfordcitizen.org;thelansingjournal.com;thisisreno.com;tinyurl.com;toshiba-europe.com;tylerobrien.dev;ubmdns.com;usersporn.com;viralporn.com;wausaupilotandreview.com;wuppertal.de;zaltv.com,264868
2025-06-24,147325,9979,6.773460037332428,147133,190,0,2,False,austinregionalclinic.com;awau.uk;batesvilletechnology.com;bignet.id;bitcoinmagazine.com;chaika.me;click.press;co.id;columbusunderground.com;com.tr;county10.com;cytiva.com;dashlabs.app;domainactive.org;dpaste.org;dpbossss.services;emailable.com;enxadahost.com;fayettevilleflyer.com;flwc.cc;foundationdns.com;foundationdns.net;foundationdns.org;fuckbym3.dad;gdespaces.net;gorbe.ninja;gov.ua;hemi.xyz;hennepinhealthcare.org;hoplun.com;hostasap.net;informadns.com;ixyrmedia.com;kinotam.org;kinotam.pro;kitdns.no;lapublicpress.org;larchmontbuzz.com;lo.cafe;maymobility.com;monoverse.com;nmindepth.com;nu11-p0inter.ru;psi.id;racunalo.com;reciprocity.com;redable.nl;rspnet.jp;salla.cloud;sequencing.com;spaces.ru;spaceship.net;spcs.bio;ssnc.cloud;streamify360.com;strip2.club;strip2.co;strip2.in;thebedfordcitizen.org;thelansingjournal.com;thisisreno.com;tinyurl.com;toshiba-europe.com;tylerobrien.dev;ubmdns.com;usersporn.com;viralporn.com;wausaupilotandreview.com;wuppertal.de;zaltv.com,263095
2025-06-25,147514,9998,6.777661781254661,147322,192,0,0,False,austinregionalclinic.com;awau.uk;batesvilletechnology.com;bignet.id;bitcoinmagazine.com;chaika.me;click.press;co.id;columbusunderground.com;com.tr;county10.com;cytiva.com;dashlabs.app;dns-parking.com;domainactive.org;dpaste.org;dpbossss.services;emailable.com;enxadahost.com;fayettevilleflyer.com;flwc.cc;foundationdns.com;foundationdns.net;foundationdns.org;fuckbym3.dad;gdespaces.net;gorbe.ninja;gov.ua;hemi.xyz;hennepinhealthcare.org;hoplun.com;hostasap.net;informadns.com;ixyrmedia.com;kinotam.org;kinotam.pro;kitdns.no;lapublicpress.org;larchmontbuzz.com;lo.cafe;maymobility.com;monoverse.com;nmindepth.com;nu11-p0inter.ru;racunalo.com;reciprocity.com;redable.nl;rspnet.jp;salla.cloud;seized.gov;sequencing.com;spaces.ru;spaceship.net;spcs.bio;ssnc.cloud;streamify360.com;strip2.club;strip2.co;strip2.in;thebedfordcitizen.org;thelansingjournal.com;thisisreno.com;tinyurl.com;toshiba-europe.com;tylerobrien.dev;ubmdns.com;usersporn.com;viralporn.com;wausaupilotandreview.com;wuppertal.de;zaltv.com,263064
2025-06-26,147709,10000,6.770068174586519,147517,191,0,1,False,austinregionalclinic.com;awau.uk;batesvilletechnology.com;bignet.id;bitcoinmagazine.com;chaika.me;click.press;co.id;columbusunderground.com;com.tr;county10.com;cytiva.com;dashlabs.app;domainactive.org;dpaste.org;dpbossss.services;emailable.com;enxadahost.com;fayettevilleflyer.com;flwc.cc;foundationdns.com;foundationdns.net;foundationdns.org;fuckbym3.dad;gdespaces.net;gorbe.ninja;gov.ua;hemi.xyz;hennepinhealthcare.org;hoplun.com;hostasap.net;hostup.se;informadns.com;ixyrmedia.com;kinotam.org;kinotam.pro;kitdns.no;lapublicpress.org;larchmontbuzz.com;lo.cafe;maymobility.com;monoverse.com;nmindepth.com;racunalo.com;reciprocity.com;redable.nl;rspnet.jp;salla.cloud;sequencing.com;spaces.ru;spaceship.net;spcs.bio;ssnc.cloud;streamify360.com;strip2.club;strip2.co;strip2.in;thebedfordcitizen.org;thelansingjournal.com;thisisreno.com;tinyurl.com;toshiba-europe.com;tylerobrien.dev;ubmdns.com;usersporn.com;viralporn.com;wausaupilotandreview.com;wuppertal.de;zaltv.com,262553
2025-06-27,148717,10015,6.734267097910797,148519,198,0,0,False,austinregionalclinic.com;awau.uk;batesvilletechnology.com;bignet.id;bitcoinmagazine.com;chaika.me;click.press;co.id;columbusunderground.com;com.tr;county10.com;cytiva.com;dashlabs.app;dns-parking.com;domainactive.org;dpaste.org;dpbossss.services;emailable.com;enxadahost.com;fayettevilleflyer.com;flwc.cc;foundationdns.com;foundationdns.net;foundationdns.org;fuckbym3.dad;gdespaces.net;gorbe.ninja;gov.ua;hemi.xyz;hennepinhealthcare.org;hoplun.com;hostasap.net;hostup.se;informadns.com;ixyrmedia.com;kinotam.org;kinotam.pro;kitdns.no;lapublicpress.org;larchmontbuzz.com;maymobility.com;monoverse.com;nmindepth.com;nu11-p0inter.ru;racunalo.com;reciprocity.com;redable.nl;rspnet.jp;salla.cloud;seized.gov;sequencing.com;spaces.ru;spaceship.net;spcs.bio;ssnc.cloud;streamify360.com;strip2.club;strip2.co;strip2.in;thebedfordcitizen.org;thelansingjournal.com;thisisreno.com;tinyurl.com;toshiba-europe.com;tylerobrien.dev;ubmdns.com;usersporn.com;viralporn.com;wausaupilotandreview.com;wuppertal.de;zaltv.com,262783
2025-06-28,148144,10026,6.767739496705907,147946,198,0,0,False,austinregionalclinic.com;awau.uk;batesvilletechnology.com;bignet.id;bitcoinmagazine.com;chaika.me;click.press;co.id;columbusunderground.com;com.tr;county10.com;cytiva.com;dashlabs.app;dns-parking.com;domainactive.org;dpaste.org;dpbossss.services;emailable.com;enxadahost.com;fayettevilleflyer.com;flwc.cc;foundationdns.com;foundationdns.net;foundationdns.org;fuckbym3.dad;gdespaces.net;gorbe.ninja;gov.ua;hemi.xyz;hennepinhealthcare.org;hoplun.com;hostasap.net;hostup.se;informadns.com;ixyrmedia.com;kinotam.org;kinotam.pro;kitdns.no;lapublicpress.org;larchmontbuzz.com;maymobility.com;monoverse.com;nmindepth.com;nu11-p0inter.ru;racunalo.com;reciprocity.com;redable.nl;rspnet.jp;salla.cloud;seized.gov;sequencing.com;spaces.ru;spaceship.net;spcs.bio;ssnc.cloud;streamify360.com;strip2.club;strip2.co;strip2.in;thebedfordcitizen.org;thelansingjournal.com;thisisreno.com;tinyurl.com;toshiba-europe.com;tylerobrien.dev;ubmdns.com;usersporn.com;viralporn.com;wausaupilotandreview.com;wuppertal.de;zaltv.com,262512
2025-06-29,148070,10014,6.763017491726886,147872,198,0,0,False,austinregionalclinic.com;awau.uk;batesvilletechnology.com;bignet.id;bitcoinmagazine.com;chaika.me;click.press;co.id;columbusunderground.com;com.tr;county10.com;cytiva.com;dashlabs.app;domainactive.org;dpaste.org;dpbossss.services;emailable.com;enxadahost.com;fayettevilleflyer.com;flwc.cc;foundationdns.com;foundationdns.net;foundationdns.org;fuckbym3.dad;gdespaces.net;gorbe.ninja;gov.ua;hemi.xyz;hennepinhealthcare.org;hoplun.com;hostasap.net;hostup.se;informadns.com;ixyrmedia.com;kinotam.org;kinotam.pro;kitdns.no;lapublicpress.org;larchmontbuzz.com;maymobility.com;monoverse.com;nmindepth.com;nu11-p0inter.ru;racunalo.com;reciprocity.com;redable.nl;rspnet.jp;salla.cloud;seized.gov;sequencing.com;spaces.ru;spaceship.net;spcs.bio;ssnc.cloud;streamify360.com;strip2.club;strip2.co;strip2.in;thebedfordcitizen.org;thelansingjournal.com;thisisreno.com;tinyurl.com;toshiba-europe.com;tylerobrien.dev;ubmdns.com;usersporn.com;viralporn.com;wausaupilotandreview.com;wuppertal.de;zaltv.com,262821
2025-06-30,147968,9985,6.748080666089966,147766,199,0,3,False,austinregionalclinic.com;awau.uk;batesvilletechnology.com;bignet.id;bitcoinmagazine.com;chaika.me;click.press;co.id;columbusunderground.com;com.tr;county10.com;cytiva.com;dashlabs.app;domainactive.org;dpaste.org;dpbossss.services;emailable.com;enxadahost.com;fayettevilleflyer.com;flwc.cc;foundationdns.com;foundationdns.net;foundationdns.org;fuckbym3.dad;gdespaces.net;gorbe.ninja;gov.ua;hemi.xyz;hennepinhealthcare.org;hoplun.com;hostasap.net;hostup.se;informadns.com;ixyrmedia.com;kinotam.org;kinotam.pro;kitdns.no;lapublicpress.org;larchmontbuzz.com;maymobility.com;monoverse.com;nmindepth.com;nu11-p0inter.ru;racunalo.com;reciprocity.com;redable.nl;rspnet.jp;salla.cloud;seized.gov;sequencing.com;spaces.ru;spaceship.net;spcs.bio;ssnc.cloud;streamify360.com;strip2.club;strip2.co;strip2.in;thebedfordcitizen.org;thelansingjournal.com;thisisreno.com;tinyurl.com;toshiba-europe.com;tylerobrien.dev;ubmdns.com;usersporn.com;viralporn.com;wausaupilotandreview.com;wuppertal.de;zaltv.com,263020
2025-07-01,148405,9989,6.730905292948351,148207,198,0,0,False,austinregionalclinic.com;awau.uk;batesvilletechnology.com;bignet.id;bitcoinmagazine.com;chaika.me;click.press;co.id;columbusunderground.com;com.tr;county10.com;cytiva.com;dashlabs.app;domainactive.org;dpaste.org;dpbossss.services;emailable.com;enxadahost.com;fayettevilleflyer.com;flwc.cc;foundationdns.com;foundationdns.net;foundationdns.org;fuckbym3.dad;gdespaces.net;gorbe.ninja;hemi.xyz;hennepinhealthcare.org;hoplun.com;hostasap.net;hostup.se;informadns.com;ixyrmedia.com;kinotam.org;kinotam.pro;kitdns.no;lapublicpress.org;larchmontbuzz.com;maymobility.com;monoverse.com;nmindepth.com;nu11-p0inter.ru;racunalo.com;reciprocity.com;redable.nl;rspnet.jp;salla.cloud;seized.gov;sequencing.com;spaces.ru;spaceship.net;spcs.bio;ssnc.cloud;streamify360.com;strip2.club;strip2.co;strip2.in;thebedfordcitizen.org;thelansingjournal.com;thisisreno.com;tinyurl.com;toshiba-europe.com;tylerobrien.dev;ubmdns.com;usersporn.com;viralporn.com;wausaupilotandreview.com;wuppertal.de;zaltv.com,263861
2025-07-02,148456,9994,6.731960985073019,148258,197,0,1,False,austinregionalclinic.com;awau.uk;batesvilletechnology.com;bignet.id;bitcoinmagazine.com;chaika.me;click.press;co.id;columbusunderground.com;com.tr;county10.com;cytiva.com;dashlabs.app;domainactive.org;dpaste.org;dpbossss.services;emailable.com;enxadahost.com;fayettevilleflyer.com;foundationdns.com;foundationdns.net;foundationdns.org;fuckbym3.dad;gdespaces.net;glitweb.xyz;gorbe.ninja;hemi.xyz;hennepinhealthcare.org;hoplun.com;hostasap.net;hostup.se;informadns.com;ixyrmedia.com;kinotam.org;kinotam.pro;kitdns.no;lapublicpress.org;larchmontbuzz.com;maymobility.com;monoverse.com;nmindepth.com;nu11-p0inter.ru;racunalo.com;reciprocity.com;redable.nl;rspnet.jp;salla.cloud;seized.gov;sequencing.com;spaces.ru;spaceship.net;spcs.bio;ssnc.cloud;streamify360.com;strip2.club;strip2.co;strip2.in;thebedfordcitizen.org;thelansingjournal.com;thisisreno.com;tinyurl.com;toshiba-europe.com;tylerobrien.dev;ubmdns.com;usersporn.com;viralporn.com;wausaupilotandreview.com;wuppertal.de;zaltv.com,263381
2025-07-03,155096,9872,6.365090008768763,154899,197,0,0,False,austinregionalclinic.com;awau.uk;batesvilletechnology.com;bignet.id;bitcoinmagazine.com;chaika.me;click.press;co.id;columbusunderground.com;com.tr;county10.com;cytiva.com;dashlabs.app;domainactive.org;dpaste.org;dpbossss.services;emailable.com;enxadahost.com;fayettevilleflyer.com;foundationdns.com;foundationdns.net;foundationdns.org;fuckbym3.dad;gdespaces.net;gorbe.ninja;hemi.xyz;hennepinhealthcare.org;hoplun.com;hostasap.net;hostup.se;informadns.com;ixyrmedia.com;kinotam.org;kinotam.pro;kitdns.no;lapublicpress.org;larchmontbuzz.com;maymobility.com;monoverse.com;nmindepth.com;nu11-p0inter.ru;racunalo.com;reciprocity.com;redable.nl;rspnet.jp;salla.cloud;seized.gov;sequencing.com;spaces.ru;spaceship.net;spcs.bio;ssnc.cloud;streamify360.com;strip2.club;strip2.co;strip2.in;thebedfordcitizen.org;thelansingjournal.com;thisisreno.com;tinyurl.com;toshiba-europe.com;tylerobrien.dev;ubmdns.com;usersporn.com;viralporn.com;wausaupilotandreview.com;wuppertal.de;zaltv.com,272479
2025-07-04,155630,9847,6.327186275139754,155430,199,0,1,False,austinregionalclinic.com;awau.uk;batesvilletechnology.com;bignet.id;bitcoinmagazine.com;chaika.me;click.press;co.id;columbusunderground.com;com.tr;county10.com;cytiva.com;dashlabs.app;domainactive.org;dpaste.org;dpbossss.services;emailable.com;enxadahost.com;fayettevilleflyer.com;foundationdns.com;foundationdns.net;foundationdns.org;fuckbym3.dad;gdespaces.net;gorbe.ninja;hemi.xyz;hennepinhealthcare.org;hoplun.com;hostasap.net;hostup.se;informadns.com;ixyrmedia.com;kinotam.org;kinotam.pro;kitdns.no;lapublicpress.org;larchmontbuzz.com;maymobility.com;monoverse.com;nu11-p0inter.ru;racunalo.com;reciprocity.com;redable.nl;rspnet.jp;salla.cloud;seized.gov;sequencing.com;spaces.ru;spaceship.net;spcs.bio;ssnc.cloud;streamify360.com;strip2.club;strip2.co;strip2.in;thebedfordcitizen.org;thelansingjournal.com;thisisreno.com;tinyurl.com;toshiba-europe.com;tylerobrien.dev;ubmdns.com;usersporn.com;viralporn.com;wausaupilotandreview.com;wuppertal.de;zaltv.com,273573
2025-07-05,155581,9854,6.333678276910419,155382,199,0,0,False,austinregionalclinic.com;awau.uk;batesvilletechnology.com;bignet.id;bitcoinmagazine.com;chaika.me;click.press;co.id;columbusunderground.com;com.tr;county10.com;cytiva.com;dashlabs.app;domainactive.org;dpaste.org;dpbossss.services;emailable.com;enxadahost.com;fayettevilleflyer.com;foundationdns.com;foundationdns.net;foundationdns.org;fuckbym3.dad;gdespaces.net;gorbe.ninja;hemi.xyz;hennepinhealthcare.org;hoplun.com;hostasap.net;hostup.se;informadns.com;ixyrmedia.com;kinotam.org;kinotam.pro;kitdns.no;lapublicpress.org;larchmontbuzz.com;maymobility.com;monoverse.com;nu11-p0inter.ru;racunalo.com;reciprocity.com;redable.nl;rspnet.jp;salla.cloud;seized.gov;sequencing.com;spaces.ru;spaceship.net;spcs.bio;ssnc.cloud;streamify360.com;strip2.club;strip2.co;strip2.in;thebedfordcitizen.org;thelansingjournal.com;thisisreno.com;tinyurl.com;toshiba-europe.com;tylerobrien.dev;ubmdns.com;usersporn.com;viralporn.com;wausaupilotandreview.com;wuppertal.de;zaltv.com,274324
2025-07-06,154402,9845,6.376212743358247,154201,201,0,0,False,arvancdn.ir;austinregionalclinic.com;awau.uk;batesvilletechnology.com;bignet.id;bitcoinmagazine.com;chaika.me;click.press;co.id;columbusunderground.com;com.tr;county10.com;cytiva.com;dashlabs.app;domainactive.org;dpaste.org;dpbossss.services;emailable.com;enxadahost.com;fayettevilleflyer.com;foundationdns.com;foundationdns.net;foundationdns.org;fuckbym3.dad;gdespaces.net;gorbe.ninja;hemi.xyz;hennepinhealthcare.org;hoplun.com;hostasap.net;hostup.se;informadns.com;ixyrmedia.com;kinotam.org;kinotam.pro;kitdns.no;lapublicpress.org;larchmontbuzz.com;maymobility.com;monoverse.com;nu11-p0inter.ru;racunalo.com;reciprocity.com;redable.nl;rspnet.jp;salla.cloud;seized.gov;sequencing.com;spaces.ru;spaceship.net;spcs.bio;ssnc.cloud;streamify360.com;strip2.club;strip2.co;strip2.in;thebedfordcitizen.org;thelansingjournal.com;thisisreno.com;tinyurl.com;toshiba-europe.com;tylerobrien.dev;ubmdns.com;usersporn.com;viralporn.com;wausaupilotandreview.com;wuppertal.de;zaltv.com,273547
2025-07-07,154100,9828,6.377676833225178,153901,199,0,0,False,austinregionalclinic.com;awau.uk;batesvilletechnology.com;bignet.id;bitcoinmagazine.com;chaika.me;click.press;co.id;columbusunderground.com;com.tr;county10.com;cytiva.com;dashlabs.app;domainactive.org;dpaste.org;dpbossss.services;emailable.com;enxadahost.com;fayettevilleflyer.com;foundationdns.com;foundationdns.net;foundationdns.org;fuckbym3.dad;gdespaces.net;gorbe.ninja;hemi.xyz;hennepinhealthcare.org;hoplun.com;hostasap.net;hostup.se;informadns.com;ixyrmedia.com;kinotam.org;kinotam.pro;kitdns.no;lapublicpress.org;larchmontbuzz.com;maymobility.com;monoverse.com;nu11-p0inter.ru;racunalo.com;reciprocity.com;redable.nl;rspnet.jp;salla.cloud;seized.gov;sequencing.com;spaces.ru;spaceship.net;spcs.bio;ssnc.cloud;streamify360.com;strip2.club;strip2.co;strip2.in;thelansingjournal.com;thisisreno.com;tinyurl.com;toshiba-europe.com;tylerobrien.dev;ubmdns.com;usersporn.com;viralporn.com;wausaupilotandreview.com;wuppertal.de;zaltv.com,273662
2025-07-08,154088,9820,6.372981672810342,153888,200,0,0,False,austinregionalclinic.com;awau.uk;batesvilletechnology.com;bignet.id;bitcoinmagazine.com;chaika.me;click.press;co.id;columbusunderground.com;com.tr;county10.com;cytiva.com;dashlabs.app;domainactive.org;dpaste.org;dpbossss.services;emailable.com;enxadahost.com;fayettevilleflyer.com;foundationdns.com;foundationdns.net;foundationdns.org;fuckbym3.dad;gdespaces.net;gorbe.ninja;hemi.xyz;hennepinhealthcare.org;hoplun.com;hostasap.net;hostup.se;informadns.com;ixyrmedia.com;kinotam.org;kinotam.pro;kitdns.no;lapublicpress.org;larchmontbuzz.com;maymobility.com;monoverse.com;net.ba;nu11-p0inter.ru;racunalo.com;reciprocity.com;redable.nl;rspnet.jp;salla.cloud;seized.gov;sequencing.com;spaces.ru;spaceship.net;spcs.bio;ssnc.cloud;streamify360.com;strip2.club;strip2.co;strip2.in;thelansingjournal.com;thisisreno.com;tinyurl.com;toshiba-europe.com;tylerobrien.dev;ubmdns.com;usersporn.com;viralporn.com;wausaupilotandreview.com;wuppertal.de;zaltv.com,273887
2025-07-09,154029,9825,6.3786689519506075,153830,199,0,0,False,austinregionalclinic.com;awau.uk;awsdns-19.com;awsdns-32.net;awsdns-61.org;batesvilletechnology.com;bignet.id;bitcoinmagazine.com;chaika.me;click.press;co.id;co.uk;columbusunderground.com;com.tr;county10.com;cytiva.com;dashlabs.app;domainactive.org;dpaste.org;dpbossss.services;emailable.com;enxadahost.com;fayettevilleflyer.com;foundationdns.com;foundationdns.net;foundationdns.org;fuckbym3.dad;gdespaces.net;gorbe.ninja;hemi.xyz;hennepinhealthcare.org;hoplun.com;hostasap.net;hostup.se;informadns.com;ixyrmedia.com;kinotam.org;kinotam.pro;kitdns.no;lapublicpress.org;larchmontbuzz.com;maymobility.com;monoverse.com;nu11-p0inter.ru;racunalo.com;reciprocity.com;redable.nl;rspnet.jp;salla.cloud;seized.gov;sequencing.com;spaces.ru;spaceship.net;spcs.bio;ssnc.cloud;streamify360.com;strip2.club;strip2.co;strip2.in;thelansingjournal.com;thisisreno.com;tinyurl.com;toshiba-europe.com;tylerobrien.dev;ubmdns.com;usersporn.com;viralporn.com;wausaupilotandreview.com;wuppertal.de;zaltv.com,273992
2025-07-10,154182,9828,6.374284935984745,153984,198,0,0,False,austinregionalclinic.com;awau.uk;batesvilletechnology.com;bignet.id;bitcoinmagazine.com;chaika.me;click.press;co.id;columbusunderground.com;com.tr;county10.com;cytiva.com;dashlabs.app;domainactive.org;dpaste.org;emailable.com;enxadahost.com;fayettevilleflyer.com;foundationdns.com;foundationdns.net;foundationdns.org;fuckbym3.dad;gdespaces.net;gorbe.ninja;hemi.xyz;hennepinhealthcare.org;hoplun.com;hostasap.net;hostup.se;informadns.com;ixyrmedia.com;kinotam.org;kinotam.pro;kitdns.no;lapublicpress.org;larchmontbuzz.com;maymobility.com;monoverse.com;nu11-p0inter.ru;racunalo.com;reciprocity.com;redable.nl;rspnet.jp;salla.cloud;seized.gov;sequencing.com;spaces.ru;spaceship.net;spcs.bio;ssnc.cloud;streamify360.com;strip2.club;strip2.co;strip2.in;thebedfordcitizen.org;thelansingjournal.com;thisisreno.com;tinyurl.com;toshiba-europe.com;tylerobrien.dev;ubmdns.com;usersporn.com;viralporn.com;wausaupilotandreview.com;wuppertal.de;zaltv.com,275991
2025-07-11,154245,9817,6.364549904372913,154039,206,0,0,False,austinregionalclinic.com;awau.uk;batesvilletechnology.com;bignet.id;bitcoinmagazine.com;chaika.me;click.press;co.id;columbusunderground.com;com.bd;com.tr;county10.com;cytiva.com;dashlabs.app;dnsmadeeasy.com;domainactive.org;dpaste.org;emailable.com;enxadahost.com;fayettevilleflyer.com;foundationdns.com;foundationdns.net;foundationdns.org;fuckbym3.dad;gdespaces.net;gorbe.ninja;hemi.xyz;hennepinhealthcare.org;hoplun.com;hostasap.net;hostpro.ua;hostup.se;informadns.com;ixyrmedia.com;kinotam.org;kinotam.pro;kitdns.no;lacart.it;lapublicpress.org;larchmontbuzz.com;maymobility.com;monoverse.com;nu11-p0inter.ru;racunalo.com;reciprocity.com;redable.nl;rspnet.jp;salla.cloud;seized.gov;sequencing.com;spaces.ru;spaceship.net;spcs.bio;ssnc.cloud;streamify360.com;strip2.club;strip2.co;strip2.in;thelansingjournal.com;thisisreno.com;tinyurl.com;toshiba-europe.com;tylerobrien.dev;ubmdns.com;usersporn.com;viralporn.com;wausaupilotandreview.com;wuppertal.de;zaltv.com,276443
2025-07-12,154419,9817,6.357378301892902,154216,202,0,1,False,austinregionalclinic.com;awau.uk;batesvilletechnology.com;bignet.id;bitcoinmagazine.com;chaika.me;click.press;co.id;columbusunderground.com;com.bd;com.tr;county10.com;cytiva.com;dashlabs.app;domainactive.org;dpaste.org;emailable.com;enxadahost.com;fayettevilleflyer.com;foundationdns.com;foundationdns.net;foundationdns.org;fuckbym3.dad;gdespaces.net;gorbe.ninja;gov.ua;hemi.xyz;hennepinhealthcare.org;hoplun.com;hostasap.net;hostup.se;informadns.com;ixyrmedia.com;kinotam.org;kinotam.pro;kitdns.no;lacart.it;lapublicpress.org;larchmontbuzz.com;maymobility.com;monoverse.com;nu11-p0inter.ru;racunalo.com;reciprocity.com;redable.nl;rspnet.jp;salla.cloud;seized.gov;sequencing.com;spaces.ru;spaceship.net;spcs.bio;ssnc.cloud;streamify360.com;strip2.club;strip2.co;strip2.in;thelansingjournal.com;thisisreno.com;tinyurl.com;toshiba-europe.com;tylerobrien.dev;ubmdns.com;usersporn.com;viralporn.com;wausaupilotandreview.com;wuppertal.de;zaltv.com,276700
2025-07-13,154830,9819,6.3417942259252085,154627,202,0,1,False,austinregionalclinic.com;awau.uk;batesvilletechnology.com;bignet.id;bitcoinmagazine.com;chaika.me;click.press;co.id;columbusunderground.com;com.bd;com.tr;county10.com;cytiva.com;dashlabs.app;domainactive.org;dpaste.org;emailable.com;enxadahost.com;fayettevilleflyer.com;foundationdns.com;foundationdns.net;foundationdns.org;fuckbym3.dad;gdespaces.net;gorbe.ninja;gov.ua;hemi.xyz;hennepinhealthcare.org;hoplun.com;hostasap.net;hostup.se;informadns.com;ixyrmedia.com;kinotam.org;kinotam.pro;kitdns.no;lacart.it;lapublicpress.org;larchmontbuzz.com;maymobility.com;monoverse.com;nu11-p0inter.ru;racunalo.com;reciprocity.com;redable.nl;rspnet.jp;salla.cloud;seized.gov;sequencing.com;spaces.ru;spaceship.net;spcs.bio;ssnc.cloud;streamify360.com;strip2.club;strip2.co;strip2.in;thisisreno.com;tinyurl.com;toshiba-europe.com;tylerobrien.dev;ubmdns.com;usersporn.com;viralporn.com;wausaupilotandreview.com;wuppertal.de;zaltv.com,277484
2025-07-14,154080,9830,6.379802699896158,153882,198,0,0,False,austinregionalclinic.com;awau.uk;batesvilletechnology.com;bignet.id;bitcoinmagazine.com;chaika.me;click.press;co.id;columbusunderground.com;com.tr;county10.com;cytiva.com;dashlabs.app;domainactive.org;dpaste.org;emailable.com;enxadahost.com;fayettevilleflyer.com;foundationdns.com;foundationdns.net;foundationdns.org;fuckbym3.dad;gdespaces.net;gorbe.ninja;gov.ua;hemi.xyz;hennepinhealthcare.org;hoplun.com;hostasap.net;hostup.se;informadns.com;ixyrmedia.com;kinotam.org;kinotam.pro;kitdns.no;lacart.it;lapublicpress.org;larchmontbuzz.com;maymobility.com;monoverse.com;nu11-p0inter.ru;pertamina-ptc.com;racunalo.com;reciprocity.com;redable.nl;rspnet.jp;salla.cloud;seized.gov;sequencing.com;spaces.ru;spaceship.net;spcs.bio;ssnc.cloud;streamify360.com;strip2.club;strip2.co;strip2.in;thisisreno.com;tinyurl.com;toshiba-europe.com;tylerobrien.dev;ubmdns.com;usersporn.com;viralporn.com;wausaupilotandreview.com;wuppertal.de;zaltv.com,276288
2025-07-22,145082,9962,6.866461725093395,144892,189,0,1,False,austinregionalclinic.com;awau.uk;batesvilletechnology.com;bignet.id;bitcoinmagazine.com;chaika.me;circlys.com;click.press;co.id;columbusunderground.com;com.tr;county10.com;cytiva.com;dashlabs.app;dnspod.net;domainactive.org;dpaste.org;emailable.com;enxadahost.com;fayettevilleflyer.com;foundationdns.com;foundationdns.net;foundationdns.org;foxanto.dev;fuckbym3.dad;gdespaces.net;gorbe.ninja;gov.ua;hemi.xyz;hennepinhealthcare.org;hoplun.com;hostasap.net;hostup.se;informadns.com;ixyrmedia.com;kinotam.org;kinotam.pro;kitdns.no;lacart.it;lapublicpress.org;larchmontbuzz.com;maymobility.com;monoverse.com;racunalo.com;reciprocity.com;redable.nl;rspnet.jp;salla.cloud;seized.gov;sequencing.com;spaces.ru;spaceship.net;spcs.bio;ssnc.cloud;streamify360.com;strip2.club;strip2.co;strip2.in;thisisreno.com;tinyurl.com;toshiba-europe.com;tylerobrien.dev;ubmdns.com;usersporn.com;viralporn.com;wausaupilotandreview.com;wuppertal.de;zaltv.com,267249
2025-07-23,145291,9971,6.862778836954801,145101,190,0,0,False,austinregionalclinic.com;awau.uk;batesvilletechnology.com;bignet.id;bitcoinmagazine.com;chaika.me;circlys.com;click.press;co.id;columbusunderground.com;com.tr;county10.com;cytiva.com;dashlabs.app;dnspod.net;domainactive.org;dpaste.org;emailable.com;enxadahost.com;fayettevilleflyer.com;foundationdns.com;foundationdns.net;foundationdns.org;foxanto.dev;fuckbym3.dad;gdespaces.net;gorbe.ninja;gov.ua;hemi.xyz;hennepinhealthcare.org;hoplun.com;hostasap.net;hostup.se;informadns.com;ixyrmedia.com;kinotam.org;kinotam.pro;kitdns.no;lacart.it;lapublicpress.org;larchmontbuzz.com;maymobility.com;monoverse.com;racunalo.com;reciprocity.com;redable.nl;rspnet.jp;salla.cloud;seized.gov;sequencing.com;spaces.ru;spaceship.net;spcs.bio;ssnc.cloud;streamify360.com;strip2.club;strip2.co;strip2.in;thisisreno.com;tinyurl.com;toshiba-europe.com;tylerobrien.dev;ubmdns.com;usersporn.com;viralporn.com;wausaupilotandreview.com;wuppertal.de;zaltv.com,267621
2025-07-24,146521,9962,6.79902539567707,146318,203,0,0,False,austinregionalclinic.com;awau.uk;batesvilletechnology.com;bignet.id;bitcoinmagazine.com;chaika.me;circlys.com;click.press;co.id;columbusunderground.com;com.tr;county10.com;cytiva.com;dashlabs.app;dnspod.net;domainactive.org;dpaste.org;emailable.com;enxadahost.com;fayettevilleflyer.com;foundationdns.com;foundationdns.net;foundationdns.org;foxanto.dev;fuckbym3.dad;gdespaces.net;gorbe.ninja;gov.ua;hemi.xyz;hennepinhealthcare.org;hoplun.com;hostasap.net;hostup.se;informadns.com;ixyrmedia.com;kinotam.org;kinotam.pro;kitdns.no;lacart.it;lapublicpress.org;larchmontbuzz.com;maymobility.com;monoverse.com;racunalo.com;reciprocity.com;redable.nl;rspnet.jp;salla.cloud;seized.gov;sequencing.com;spaces.ru;spaceship.net;spcs.bio;ssnc.cloud;streamify360.com;strip2.club;strip2.co;strip2.in;thisisreno.com;tinyurl.com;toshiba-europe.com;tylerobrien.dev;ubmdns.com;usersporn.com;viralporn.com;wausaupilotandreview.com;wuppertal.de;zaltv.com,268229
2025-07-25,146723,9967,6.793072660728039,146516,206,0,1,False,austinregionalclinic.com;awau.uk;batesvilletechnology.com;bignet.id;bitcoinmagazine.com;chaika.me;circlys.com;click.press;co.id;columbusunderground.com;com.tr;county10.com;cytiva.com;dashlabs.app;dnspod.net;domainactive.org;dpaste.org;dpbossss.services;dreamhost.com;emailable.com;enxadahost.com;fayettevilleflyer.com;foundationdns.com;foundationdns.net;foundationdns.org;foxanto.dev;fuckbym3.dad;gdespaces.net;gorbe.ninja;gov.ua;hemi.xyz;hennepinhealthcare.org;hoplun.com;hostasap.net;hostup.se;informadns.com;ixyrmedia.com;kinotam.org;kinotam.pro;kitdns.no;lacart.it;lapublicpress.org;larchmontbuzz.com;maymobility.com;monoverse.com;racunalo.com;reciprocity.com;redable.nl;rspnet.jp;salla.cloud;seized.gov;sequencing.com;spaces.ru;spaceship.net;spcs.bio;ssnc.cloud;streamify360.com;strip2.club;strip2.co;strip2.in;thisisreno.com;tinyurl.com;toshiba-europe.com;tylerobrien.dev;ubmdns.com;usersporn.com;viralporn.com;wausaupilotandreview.com;wuppertal.de;zaltv.com,268443
2025-07-26,146944,9980,6.791702961672474,146738,206,0,0,False,austinregionalclinic.com;awau.uk;batesvilletechnology.com;bignet.id;bitcoinmagazine.com;chaika.me;circlys.com;click.press;co.id;columbusunderground.com;com.cy;com.tr;county10.com;cytiva.com;dashlabs.app;dnspod.net;domainactive.org;dpaste.org;dpbossss.services;emailable.com;enxadahost.com;fayettevilleflyer.com;foundationdns.com;foundationdns.net;foundationdns.org;foxanto.dev;fuckbym3.dad;gdespaces.net;gorbe.ninja;gov.ua;hemi.xyz;hennepinhealthcare.org;hoplun.com;hostasap.net;hostup.se;informadns.com;ixyrmedia.com;kinotam.org;kinotam.pro;kitdns.no;lacart.it;lapublicpress.org;larchmontbuzz.com;maymobility.com;monoverse.com;racunalo.com;reciprocity.com;redable.nl;rspnet.jp;salla.cloud;seized.gov;sequencing.com;spaces.ru;spaceship.net;spcs.bio;ssnc.cloud;streamify360.com;strip2.club;strip2.co;strip2.in;thisisreno.com;tinyurl.com;toshiba-europe.com;tylerobrien.dev;ubmdns.com;usersporn.com;viralporn.com;wausaupilotandreview.com;wuppertal.de;zaltv.com,268505
2025-07-27,147051,10016,6.81124235809345,146843,208,0,0,False,austinregionalclinic.com;awau.uk;batesvilletechnology.com;bignet.id;bitcoinmagazine.com;chaika.me;circlys.com;click.press;co.id;columbusunderground.com;com.cy;com.tr;county10.com;cytiva.com;dashlabs.app;dnspod.net;domainactive.org;dpaste.org;dpbossss.services;eastgreenwichnews.com;emailable.com;enxadahost.com;fayettevilleflyer.com;foundationdns.com;foundationdns.net;foundationdns.org;foxanto.dev;fuckbym3.dad;gdespaces.net;gorbe.ninja;gov.ua;hemi.xyz;hennepinhealthcare.org;hoplun.com;hostasap.net;hostup.se;informadns.com;ixyrmedia.com;kinotam.org;kinotam.pro;kitdns.no;lacart.it;lapublicpress.org;larchmontbuzz.com;maymobility.com;monoverse.com;racunalo.com;reciprocity.com;redable.nl;rspnet.jp;salla.cloud;seized.gov;sequencing.com;spaces.ru;spaceship.net;spcs.bio;ssnc.cloud;streamify360.com;strip2.club;strip2.co;strip2.in;thisisreno.com;tinyurl.com;toshiba-europe.com;tylerobrien.dev;ubmdns.com;usersporn.com;viralporn.com;wausaupilotandreview.com;wuppertal.de;zaltv.com,268469
2025-07-28,147896,10053,6.79734407962352,147682,214,0,0,False,austinregionalclinic.com;awau.uk;banahosting.com;batesvilletechnology.com;bignet.id;bitcoinmagazine.com;chaika.me;circlys.com;click.press;co.id;columbusunderground.com;com.cy;com.tr;county10.com;cytiva.com;dashlabs.app;dnspod.net;domainactive.org;dpaste.org;dpbossss.services;eastgreenwichnews.com;emailable.com;enxadahost.com;fayettevilleflyer.com;foundationdns.com;foundationdns.net;foundationdns.org;foxanto.dev;fuckbym3.dad;gdespaces.net;gorbe.ninja;gov.ua;hemi.xyz;hennepinhealthcare.org;hoplun.com;hostasap.net;hostup.se;informadns.com;ixyrmedia.com;kinotam.org;kinotam.pro;kitdns.no;lacart.it;lapublicpress.org;larchmontbuzz.com;maymobility.com;monoverse.com;onca888.com;racunalo.com;reciprocity.com;redable.nl;rspnet.jp;salla.cloud;seized.gov;sequencing.com;spaces.ru;spaceship.net;spcs.bio;ssnc.cloud;streamify360.com;strip2.club;strip2.co;strip2.in;sureman.net;thebedfordcitizen.org;thisisreno.com;tinyurl.com;toshiba-europe.com;tylerobrien.dev;ubmdns.com;usersporn.com;viralporn.com;wausaupilotandreview.com;wuppertal.de;zaltv.com,269132
2025-07-29,148831,10072,6.767407327774455,148617,214,0,0,False,austinregionalclinic.com;awau.uk;batesvilletechnology.com;bignet.id;bitcoinmagazine.com;chaika.me;circlys.com;click.press;co.id;columbusunderground.com;com.cy;com.tr;county10.com;cytiva.com;dashlabs.app;dnspod.net;domainactive.org;dpaste.org;dpbossss.services;eastgreenwichnews.com;emailable.com;enxadahost.com;fayettevilleflyer.com;foundationdns.com;foundationdns.net;foundationdns.org;fuckbym3.dad;gdespaces.net;gorbe.ninja;gov.ua;hemi.xyz;hennepinhealthcare.org;hoplun.com;hostasap.net;hostup.se;informadns.com;ixyrmedia.com;kinotam.org;kinotam.pro;kitdns.no;lacart.it;lapublicpress.org;larchmontbuzz.com;maymobility.com;monoverse.com;onca888.com;racunalo.com;reciprocity.com;redable.nl;rspnet.jp;salla.cloud;seized.gov;sequencing.com;spaces.ru;spaceship.net;spcs.bio;ssnc.cloud;streamify360.com;strip2.club;strip2.co;strip2.in;sureman.net;thebedfordcitizen.org;thisisreno.com;tinyurl.com;toshiba-europe.com;tylerobrien.dev;ubmdns.com;usersporn.com;viralporn.com;wausaupilotandreview.com;wuppertal.de;zaltv.com,270116
2025-07-30,155895,9991,6.408800795407165,155673,222,0,0,False,austinregionalclinic.com;awau.uk;batesvilletechnology.com;bignet.id;bitcoinmagazine.com;chaika.me;circlys.com;click.press;co.id;columbusunderground.com;com.cy;com.tr;county10.com;cytiva.com;dashlabs.app;dnspod.net;domainactive.org;dpaste.org;dpbossss.services;eastgreenwichnews.com;emailable.com;enxadahost.com;fayettevilleflyer.com;foundationdns.com;foundationdns.net;foundationdns.org;fuckbym3.dad;gdespaces.net;gorbe.ninja;gov.ua;hemi.xyz;hennepinhealthcare.org;hoplun.com;hostasap.net;hostup.se;informadns.com;ixyrmedia.com;kinotam.org;kinotam.pro;kitdns.no;lacart.it;lapublicpress.org;larchmontbuzz.com;maymobility.com;mtweek.com;onca888.com;racunalo.com;reciprocity.com;redable.nl;rspnet.jp;salla.cloud;seized.gov;sequencing.com;spaces.ru;spaceship.net;spcs.bio;ssnc.cloud;streamify360.com;strip2.club;strip2.co;strip2.in;sureman.net;thebedfordcitizen.org;thisisreno.com;tinyurl.com;toshiba-europe.com;tylerobrien.dev;ubmdns.com;usersporn.com;viralporn.com;wausaupilotandreview.com;wuppertal.de;zaltv.com,278803
